director_id,director_name
0,Haile Gerima
1,Andy Devonshire
2,Theodore Melfi
3,Christian Schwochow
4,S. Shankar
5,Dennis Dugan
6,Scott Stewart
7,Robert Luketic
8,George Nolfi
9,Steven Spielberg
10,Jeannot Szwarc
11,Joe Alves
12,Joseph Sargent
13,Daniel Espinosa
14,Antoine Fuqua
15,Toshiya Shinohara
16,Masahiko Murata
17,Hajime Kamegaki
18,Hirotsugu Kawasaki
19,Toshiyuki Tsuru
20,Tensai Okamura
21,Kemi Adetiba
22,Cedric Nicolas-Troyan
23,JJC Skillz
24,Funke Akindele
25,Alice Waddington
26,Raja Gosnell
27,Stephen Kijak
28,Lijo Jose Pellissery
29,David de Vos
30,Rahul Rawail
31,Jane Campion
32,Nagesh Kukunoor
33,Shanker Raman
34,Vidhu Vinod Chopra
35,Mark Rosman
36,Lasse Hallström
37,Ridley Scott
38,Neill Blomkamp
39,Phillip Noyce
40,Renny Harlin
41,Anthony Minghella
42,Simon Wincer
43,Spike Lee
44,Sebastián Schindel
45,Steven C. Miller
46,Richard LaGravenese
47,Martin Campbell
48,Reginald Hudlin
49,George Jackson
50,Doug McHenry
51,Eric Meza
52,Michael Martin
53,Michael Rymer
54,Andrew Lau Wai-keung
55,Alan Mak
56,Brett Weiner
57,Jim Henson
58,Gary Winick
59,Danishka Esterhazy
60,Troy Byer
61,Pang Ho-cheung
62,Tim Burton
63,David Zucker
64,Kinka Usher
65,Sergio Leone
66,Matthew O'Callaghan
67,Todd Wilderman
68,Bobby Farrelly
69,Peter Farrelly
70,Wolfgang Petersen
71,Peter Spirer
72,Michael Carney
73,Richard Linklater
74,Amy Rice
75,Randal Kleiser
76,Michael Ritchie
77,J. Lee Thompson
78,Evan Goldberg
79,Seth Rogen
80,Tom Shadyac
81,Malcolm D. Lee
82,Ramzy Bedia
83,Éric Judor
84,Sharan Koppisetty
85,Taylor Sheridan
86,Sachin Yardi
87,Saurabh Kabra
88,Partho Mitra
89,Santram Varma
90,Anil V. Kumar
91,Anurag Basu
92,Sangeeth Sivan
93,Umesh Ghadge
94,David Dhawan
95,Dibakar Banerjee
96,Apoorva Lakhia
97,Milan Luthria
98,Pawan Kripalani
99,Bhushan Patel
100,Raj Nidimoru
101,Krishna D.K.
102,Angel Kristi Williams
103,Roger Donaldson
104,Christopher Alender
105,David Oyelowo
106,Brian Andrew Mendoza
107,Drake Doremus
108,Mani Ratnam
109,Paakhi Tyrewala
110,Steve Brill
111,Ferdinando Cito Filomarino
112,Juan Carlos Medina
113,Inma Torrente
114,Julián Gaviria
115,Steven Yamamoto
116,Charles Uwagbai
117,Julián Hernández
118,Vince Marcello
119,Jonathan Teplitzky
120,Dustin Hoffman
121,Adze Ugah
122,Quoc Bao Tran
123,Bejoy Nambiar
124,Priyadarshan
125,Karthik Narain
126,Vasanth Sai
127,Karthik Subbaraj
128,Arvind Swamy
129,Rathindran R Prasad
130,Sarjun
131,Gautham Vasudev Menon
132,Kayode Kasum
133,Just Philippot
134,Kirk DeMicco
135,Brandon Jeffords
136,Rohit Shetty
137,Alejandro Doria
138,Laura Fairrie
139,Marcelo Piñeyro
140,Izu Ojukwu
141,Peter Winther
142,Susan Lacy
143,James Mangold
144,Chineze Anyaene
145,Hsu Fu-chun
146,Brian Levant
147,Rod Daniel
148,Robert Zemeckis
149,Todor Chapkanov
150,Phil Lord
151,Christopher Miller
152,John Hughes
153,Justin Baldoni
154,Joe Roth
155,Mark Helfrich
156,Christopher Nolan
157,Paul Thomas Anderson
158,Nick Castle
159,Howard Zieff
160,David Feiss
161,David Gordon Green
162,Jorge Blanco
163,Zara Hayes
164,Gary Ross
165,Clint Eastwood
166,Trey Parker
167,Kelly Fremon Craig
168,Tom Elkins
169,Tony Scott
170,Brad Furman
171,Sylvain White
172,Brad Anderson
173,Irwin Winkler
174,Garry Marshall
175,Najwa Najjar
176,Michelle Bello
177,Daniel Markowicz
178,Glen Winter
179,Ram Gopal Varma
180,Yuval Adler
181,Quentin Tarantino
182,Clay Glen
183,Augustine Frizzell
184,Rajiv Chilaka
185,Ainsley Gardiner
186,Briar Grace-Smith
187,Seyi Babatope
188,Morgan Ingari
189,Abdulaziz Alshlahei
190,Edward Drake
191,Sita Likitvanichkul
192,Jetarin Ratanaserikiat
193,Apirak Samudkitpaisan
194,Thanabodee Uawithya
195,Adirek Wattaleela
196,Sofia Coppola
197,Colin Trevorrow
198,Bill Condon
199,David Slade
200,Chris Weitz
201,Catherine Hardwicke
202,Hadrah Daeng Ratu
203,Ash Brannon
204,Chris Buck
205,Roberto De Feo
206,Paolo Strippoli
207,Semi Chellas
208,Nima Nourizadeh
209,Jericca Cleland
210,Kevin Munroe
211,Ahmed Siddiqui
212,Hallie Meyers-Shyer
213,Scott Speer
214,Barry Levinson
215,Camille Delamarre
216,Mahmood Ali-Balogun
217,Jan Holoubek
218,Christine Luby
219,Yeo Siew Hua
220,Hardik Mehta
221,Rajveer Singh Maan
222,Harpeet Singh
223,Youssef Chahine
224,Saw Teong Hin
225,Nik Amir Mustapha
226,M.S. Prem Nath
227,Rano Karno
228,Pramod Pawar
229,Naresh Saigal
230,Vinil Mathew
231,Ramsey Nouah
232,Bong Joon Ho
233,Kim Tae-hyung
234,Michael Spierig
235,Peter Spierig
236,Ernie Barbarash
237,Jay Roach
238,McG
239,Frank Marshall
240,Victor Vu
241,Joel Hopkins
242,John Stevenson
243,Mark Osborne
244,Jennifer Yuh Nelson
245,Greg Berlanti
246,Garth Davis
247,Rob Marshall
248,Martin Brest
249,Paul W.S. Anderson
250,Ivan Reitman
251,Joel Gallen
252,Claire McCarthy
253,Trevor Nunn
254,Gabriele Muccino
255,Jim Field Smith
256,Chris Koch
257,J.J. Abrams
258,Rob Minkoff
259,Lynn Shelton
260,Adam McKay
261,Anton Corbijn
262,Robin Bissell
263,David Fincher
264,John G. Avildsen
265,Alan Parker
266,Walter Hill
267,Stephen Frears
268,Bryan Bertino
269,Phil Alden Robinson
270,Florian Henckel von Donnersmarck
271,Len Wiseman
272,Måns Mårlind
273,Björn Stein
274,Patrick Tatopoulos
275,Robert O. Peters
276,Vincent Ward
277,Gregory Nava
278,Matt Thompson
279,Matt Aselton
280,Andrew Dominik
281,Anissa Bonnefont
282,Bahij Hojeij
283,Jonathan Hensleigh
284,Justin P. Lange
285,Jayme Monjardim
286,Kingsley Ogoro
287,Cristina Jacob
288,Rob Seidenglanz
289,Simon Frederick
290,Paul Weitz
291,Soudade Kaadan
292,Antoinette Jadaone
293,Marie Clements
294,David O. Russell
295,Max Jabs
296,Ricardo de Montreuil
297,Peter Chelsom
298,Francine Parker
299,Daniel Schechter
300,Mike Gunther
301,David Zeiger
302,Michael Simon
303,Joe Berlinger
304,Bruce Sinofsky
305,Bradley Parker
306,Prabhakaran
307,Manjari Makijany
308,Jay Oliva
309,Chris Appelhans
310,Michael Tiddes
311,Lara Saba
312,Bao Nhan
313,Namcito
314,Mark Raso
315,Tariq Alkazim
316,Kenneth Gyang
317,Yulene Olaizola
318,Mark Waters
319,Matthew Heineman
320,Robert Peters
321,Jonathan Clay
322,Ally Pankiw
323,Lee Kae-byeok
324,Jayan Moodley
325,Daniel Benmayor
326,Alex Díaz
327,Helena Bergström
328,Myriam Fares
329,Rae Red
330,Lance Hool
331,Nicole Conn
332,Les Mayfield
333,Ellen Seidler
334,Megan Siler
335,Roger Christian
336,Lance Young
337,Leandro Neri
338,Thom Fitzgerald
339,Don Michael Paul
340,Andrzej Bartkowiak
341,Harold Becker
342,Andrew Jenks
343,Ric Roman Waugh
344,Rob Reiner
345,Andy Tennant
346,Tade Ogidan
347,Scott Spiegel
348,Jessie Nelson
349,Theodore Witcher
350,Aurora Guerrero
351,Michael Jai White
352,James McTeigue
353,Takuya Igarashi
354,Michelle MacLaren
355,Todd Phillips
356,Dominic Sena
357,Alan Alda
358,Sydney Pollack
359,Lorene Scafaria
360,Barbra Streisand
361,Michael Winterbottom
362,Emma Tammi
363,Peter Hutchings
364,George Ratliff
365,Bo Burnham
366,David Frankel
367,Julio Quintana
368,Paween Purijitpanya
369,Pablo Faro
370,Letizia Lamartire
371,Tim Johnson
372,Vishwesh Krishnamoorthy
373,Zack Snyder
374,Amr Salama
375,Robert Rodriguez
376,David Ayer
377,Eshom Nelms
378,Ian Nelms
379,James Redford
380,Kaashvie Nair
381,J.D. Dillard
382,Nikhil Pherwani
383,Praveen Kandregula
384,Cecilia Verheyden
385,Daniel Minahan
386,Donovan Marsh
387,Brent Dawes
388,Leli Maki
389,Daniel Prochaska
390,Joe Wright
391,Matthew Vaughn
392,Aditya Kripalani
393,David Pablos
394,Alexandre Aja
395,Ramon Térmens
396,Svetlana Cvetko
397,Martin Prakkat
398,Baran bo Odar
399,Zhang Chong
400,Yılmaz Erdoğan
401,Ivan Ayr
402,Anthony Mandler
403,Stanley Menino D'Costa
404,Jennifer Brea
405,Julia von Heinz
406,Niels Arden Oplev
407,Don Argott
408,Sheena M. Joyce
409,Duncan Skiles
410,Sean McNamara
411,Vondie Curtis-Hall
412,Robert Radler
413,Dean Parisot
414,Paul Greengrass
415,Justin Kelly
416,Eric Darnell
417,Tom McGrath
418,Conrad Vernon
419,Jeff Wadlow
420,Charles Martin
421,Stella Corradi
422,Roland Emmerich
423,Kevin Macdonald
424,Ann Deborah Fishman
425,Chris Gorak
426,Peter Jackson
427,Roger Kumble
428,Jonathan Lynn
429,Courtney Hunt
430,Pierre Greco
431,Nancy Florence Savard
432,Andrew Davis
433,Kevin Smith
434,Chaitanya Tamhane
435,Johannes Roberts
436,Pedro Antonio
437,John Wells
438,Jonathan Liebesman
439,Maria Pulera
440,Santhosh Viswanath
441,Seema Pahwa
442,Ozan Açıktan
443,Meltem Bozoflu
444,Hakan Algül
445,Selçuk Aydemir
446,Birkan Pusa
447,Ömer Faruk Sorak
448,Şenol Sönmez
449,Alexis Morante
450,Burak Aksak
451,Kıvanç Baruönü
452,Kongkiat Khomsiri
453,Bedran Güzel
454,Marwan Nabil
455,Takashi Shimizu
456,Joe Penna
457,Curtis Graham
458,Gerardo Gatica
459,John Madden
460,Edward James Olmos
461,Abhinay Deo
462,Kiran Rao
463,Abbas Tyrewala
464,Ashutosh Gowariker
465,Satyajit Bhatkal
466,Anusha Rizvi
467,Mahmood Farooqui
468,Aamir Khan
469,Shashank Khaitan
470,Raj Mehta
471,Neeraj Ghaywan
472,Kayoze Irani
473,Ryan Crego
474,Cassi Simonds
475,Guillermo del Toro
476,Tony Abulu
477,Mae Czarina Cruz
478,Stefan Westerwelle
479,Ron Howard
480,Justin Benson
481,Aaron Moorhead
482,Niki Caro
483,Mark Dennis
484,Ben Foster
485,Taranveer Singh
486,TT The Artist
487,Keiichi Sato
488,Yasushi Kawamura
489,Glenn Weiss
490,Michael Civille
491,Ryuichi Hiroki
492,One9
493,Luis Valdez
494,Cheng Wei-hao
495,Pass Patthanakumjon
496,Buchi Babu Sana
497,Zhao Ji
498,Jamie Babbit
499,Park Hoon-jung
500,Dare Olaitan
501,Ben Falcone
502,Travon Free
503,Martin Desmond Roe
504,Angga Dwimas Sasongko
505,Madonne Ashwin
506,Enah Johnscott
507,Braden R. Duemmler
508,Cal Brunker
509,Steve Pink
510,Xiao Feng
511,Ricky Staub
512,Patrick Durham
513,Paul G. Volk
514,BB Sasore
515,Naseef Yusuf Izuddin
516,Appie Boudellah
517,Aram van de Rest
518,Sylvie Verheyde
519,Nick Moore
520,Alex Zamm
521,Rajkumar Hirani
522,Rajesh Mapuskar
523,James Wan
524,David Hackl
525,Takeshi Nozue
526,Subhash Kapoor
527,Ringo Lam
528,George Cukor
529,Tony Giglio
530,Hidenori Inoue
531,Shinji Aramaki
532,Masaru Matsumoto
533,John Luessenhop
534,Hanung Bramantyo
535,Pandu Adjisurya
536,Bashir El Deek
537,Roman Polański
538,Nelson McCormick
539,Mic Rodgers
540,Shawn Rech
541,Peyton Reed
542,Julian Schnabel
543,Jose Gomez
544,Jonathon Link
545,Blair Simmons
546,Justin Chadwick
547,John Hillcoat
548,Roman White
549,Mike Hodges
550,Eylem Kaftan
551,Fernando Ayllón
552,Umesh Bist
553,Massimiliano Camaiti
554,Aleksey Tsitsilin
555,Kagiso Lediga
556,Jung-ah Im
557,Takuma Sato
558,Brody Chu
559,Dimitri Logothetis
560,Li Weiran
561,Chinaza Onuzo
562,Anna Elizabeth James
563,Vitor Brandt
564,Troy Miller
565,Liam O'Donnell
566,Manny Rodriguez
567,Jay Lavender
568,Farah Nabulsi
569,Walter Taylaur
570,Chris Smith
571,Tate Taylor
572,Ladislaus Kiraly
573,Oliver Stone
574,Hemambar Jasti
575,Muharrem Gülmez
576,Dolapo Adeleke
577,Mahsun Kırmızıgül
578,Can Ulkay
579,Ketche
580,Erol Özlevi
581,Miguel Arteta
582,Tolga Örnek
583,Pablo Agüero
584,Mohammad Irfan Ramly
585,Kevin McManus
586,Matthew McManus
587,Ange Basterga
588,Nicolas Lopez
589,Gitanjali Rao
590,Halitha Shameem
591,Carlos Moreno
592,Julien Leclercq
593,Fajar Bustomi
594,Taylor Hackford
595,Amy Poehler
596,Mike Binder
597,Abir Sengupta
598,Emmett Malloy
599,Kevin Costner
600,Marco Petry
601,Andrew Duncan
602,Ken Cunningham
603,Liam Lynch
604,Jérémie Degruson
605,Ben Stassen
606,Matt Ross
607,Dani de la Orden
608,Pablo Larraín
609,John Erick Dowdle
610,Jesse Peretz
611,Ribhu Dasgupta
612,Rizki Balki
613,Shunsuke Kariyama
614,Tirumala Kishore
615,Huang Hsin-Yao
616,J Blakeson
617,Khalid Rahman
618,Tharun Bhascker Dhaassyam
619,B. V. Nandini Reddy
620,Nag Ashwin
621,Sankalp Reddy
622,Prateek Vats
623,Alex Merkin
624,Ben Simms
625,Vikram Bhatt
626,Dallas Jenkins
627,Damián Romay
628,Hamisha Daryani Ahuja
629,Hong Khaou
630,Mario Briongos
631,Vinay Bharadwaj
632,Michael Fimognari
633,Eric D. Cabello Díaz
634,Clara Martínez-Lázaro
635,Monty Tiwa
636,Ava DuVernay
637,Alain Darborg
638,Filip Zylber
639,Julien Royal
640,Brian Baugh
641,Henri Wong
642,Maïa Sandoz
643,Mostofa Sarwar Farooki
644,Joseph Hsu
645,Sam Levinson
646,Jo Sung-hee
647,Rocco Ricciardulli
648,Guo Jingming
649,Jan Belcl
650,Esteban Crespo
651,Noé González
652,Sarah Gavron
653,Martin Scorsese
654,Richard Arellano
655,Jon Favreau
656,Marco Pontecorvo
657,Gregory Plotkin
658,Lluís Quílez
659,Jude Weng
660,Simon Stone
661,Noviandra Santosa
662,Jeremy Grant
663,Jeo Baby
664,Glendyn Ivin
665,Okey Oku
666,Ángeles Reiné
667,Paul Haggis
668,Ramin Bahrani
669,Nicol Paone
670,Nick Rowland
671,RZA
672,Cooper Karl
673,Gary Fleder
674,J.A. Bayona
675,Darren Lynn Bousman
676,Lydia Dean Pilcher
677,Ginny Mohler
678,Cris D'Amato
679,Mikael Håfström
680,Simon J. Smith
681,Byeon Hee-sun
682,Peter Facinelli
683,Renuka Shahane
684,Ross Kauffman
685,Sung Do-jun
686,Charles Gozali
687,Bagus Bramanti
688,James Toback
689,Francisco D'Eufemia
690,Juliet May
691,Olivier Nakache
692,Éric Toledano
693,Prakash Jha
694,Rohan Sippy
695,Ross Venokur
696,Rohena Gera
697,Maite Ruiz De Austri
698,Jastis Arimba
699,Eric Summer
700,Éric Warin
701,Kornél Mundruczó
702,Florent Bodin
703,Sohail Khan
704,Hallvard Bræin
705,Jeff Tremaine
706,Christian Alvart
707,Robert Townsend
708,Jeff Deverett
709,Ron Krauss
710,Brian Robbins
711,Jeff Stilson
712,Sean Penn
713,Mark McQueen
714,Melanie Mayron
715,Donald Petrie
716,Tony Collingwood
717,Jennifer Beamish
718,Toby Trackman
719,Jaume Collet-Serra
720,Kim Dong-kyu
721,Shaz Bennett
722,Samar Shaikh
723,Archie Hekagery
724,Sabrina Rochelle Kalangie
725,Liao Shih-han
726,Arnon Manor
727,Timothy Ware-Hill
728,Gore Verbinski
729,Al Campbell
730,Alice Mathias
731,Maïwenn
732,Richard Weston
733,Vikramaditya Motwane
734,Prime Cruz
735,Andibachtiar Yusuf
736,Yandy Laurens
737,Cathy Garcia-Molina
738,John Mitchell
739,Jeremy Kipp Walker
740,George Clooney
741,Liu Kuang-hui
742,Kristian Mercado
743,Daan Jansen
744,Stijn Verlinde
745,Jay Grace
746,Paul Dugdale
747,James Haslam
748,Muhammad Ali
749,Thomas Toby Parkinson
750,John Putch
751,Sam Macaroni
752,George C. Wolfe
753,Yasmin Ahmad
754,Sudha Kongara
755,Vignesh Shivan
756,Vetri Maaran
757,Juan Camilo Pinzon
758,Lin Oeding
759,Naya Anindita
760,JP Habac
761,Alexx Media
762,Andrucha Waddington
763,Pedro Waddington
764,Jun Lana
765,Brad Peyton
766,Lee Daniels
767,Tom Ford
768,Vir Das
769,Miranda de Pencier
770,Farhad Safinia
771,Shaun Paul Piccinino
772,James D. Stern
773,Fernando Villena
774,Ryan Murphy
775,Girish Malik
776,Deepa Mehta
777,Theodore Boborol
778,Sydney Sibilia
779,Josiah Ng
780,Kirk Wise
781,Beth Sleven
782,Allan Jacobsen
783,Kevin Wotton
784,Su I-Hsuan
785,Chuang Shiang-an
786,Liu Yi
787,Clint Butler
788,Erik Kling
789,Kevin Peaty
790,Detlev Buck
791,Amanda Raymond
792,Jason Paul Laxamana
793,Marc Fouchard
794,Roberto Santucci
795,Dado C. Lumibao
796,August Jakobsson
797,Anna Wieczur-Bluszcz
798,Damien O’Connor
799,Richard Laxton
800,Gil Kenan
801,Phil Burgers
802,Pierre Morel
803,Brian Henson
804,Derick Cabrido
805,Marla M. Ancheta
806,Jen McGowan
807,Bernie Denk
808,Brian Skiba
809,Stanley Moore
810,Alex Woo
811,Oliver Bokelberg
812,Ángel Gómez Hernández
813,Ludovico Di Martino
814,Lee Chung-hyun
815,Barry Gonzalez
816,Brian Volk-Weiss
817,Matthew Michael Carnahan
818,Eric Bress
819,Chris Columbus
820,V Vignarajan
821,Greg Rankin
822,TJ Sullivan
823,Carlos Sorín
824,Matt Eskandari
825,Grant Singer
826,Mohammad Adel
827,Debbie Allen
828,Victor Gatonye
829,Stephen Chiodo
830,Monica Floyd
831,Anurag Kashyap
832,Siddique
833,Danish Aslam
834,Vibhu Virender Puri
835,Mike Rohl
836,Shyam Benegal
837,Takeshi Fukunaga
838,Leslie Small
839,Jeff Nichols
840,Justin G. Dyck
841,Cody Cameron
842,Kris Pearn
843,Michael Curtiz
844,Avinash Walzade
845,David E. Talbert
846,Edoardo Ponti
847,Mateo Gil
848,Paul Soriano
849,Ryan Coogler
850,Lucas Santa Ana
851,Carla Barros
852,Ulrike Kofler
853,Kunle Afolayan
854,Weica Wang
855,Aitor Arregi
856,Jon Garaño
857,Jose Mari Goenaga
858,Kevin Pollak
859,Otoja Abit
860,Maxwell McGuire
861,Ruel S. Bayani
862,Martin Wood
863,Narendra Nath
864,Jan-Peter Horns
865,Tatsushi Omori
866,Zeek Earl
867,Christopher Caldwell
868,Michael Kampa
869,Chanda Bell
870,Jennifer Westcott
871,Richard Greenberg
872,Peter Berg
873,Nicolas Pesce
874,Christopher Cain
875,Juliana Vicente
876,Harald Zwart
877,Stacia Crawford
878,Remi Weekes
879,Tope Oshin
880,Terrie Samundra
881,Olivier Marchal
882,Santiago Alvarado Ilarri
883,Frasco Mortiz
884,John Whitesell
885,Nimród Antal
886,Bartosz M. Kowalski
887,Natasha Lyonne
888,Chang Chin-jung
889,Chen Rong-hui
890,Rajkumar Santoshi
891,Lance Daly
892,Unjoo Moon
893,Gil Baroni
894,Glen Keane
895,Chris Sivertson
896,Jarand Herdal
897,Dan Villegas
898,Chris Foggin
899,Kim Nguyen
900,Karen Maine
901,Tim Neeves
902,Ben Wheatley
903,Maroun Baghdadi
904,Philippe Aractingi
905,Amin Dora
906,Rana Eid
907,Daniel Joseph
908,Randa Chahal Sabbag
909,Ziad Doueiri
910,Shady Hanna
911,Josef Fares
912,Sam Fell
913,Chris Butler
914,Ross Boyask
915,David 'Tosh' Gitonga
916,Michael Jones
917,Ti West
918,Manolo Caro
919,Aaron Sorkin
920,Levan Gabriadze
921,Rachel Talalay
922,Sam Liu
923,Peter Mimi
924,Lasja Fauzia Susatyo
925,Kevin Ko
926,Peter Tsi
927,Caroline Suh
928,Ken Ghosh
929,Indra Kumar
930,B. Subhash
931,Harshavardhan Kulkarni
932,Neeraj Vora
933,Puneet Khanna
934,Radha Blank
935,Bigflo & Oli
936,Jérémie Levypon
937,Eduardo Pinto
938,Pavel Kostomarov
939,Mike Elliott
940,Francis Whately
941,Jon Izen
942,Christopher Nolen
943,Alastair Fothergill
944,Jonnie Hughes
945,Keith Scholey
946,Amy Segal
947,Umut Aral
948,Umut Kirca
949,Sudhir Mishra
950,Domenico de Feudis
951,Oz Rodriguez
952,Salvador Espinosa
953,Adrian Teh
954,Brad Silberling
955,Elsa Flores Almaraz
956,Richard J Montoya
957,Carey McKenzie
958,Taika Waititi
959,David LaChapelle
960,Faris Godus
961,Rod Lurie
962,Stacie Passon
963,Florian Schott
964,Tom Whitworth
965,Joe Mantello
966,Page Hurwitz
967,Dallas Jackson
968,Lee Hirsch
969,Rajat Kapoor
970,Abhishek Chaubey
971,Imtiaz Ali
972,Navdeep Singh
973,Anees Bazmee
974,Rikhil Bahadur
975,Shawn Levy
976,Harry Bradbeer
977,Joshua Tickell
978,Rebecca Harrell Tickell
979,Norihisa Hiranuma
980,Shigeaki Kubo
981,Tsuyoshi Nakakuki
982,Yudai Yamaguchi
983,Marwan Hamed
984,Smeep Kang
985,Raja Chanda
986,Tigmanshu Dhulia
987,Akashdeep
988,Rajesh Ganguly
989,Alankrita Shrivastava
990,Chandra Liow
991,Sekhar Kammula
992,Gary Andrews
993,Merawi Gerima
994,Antonio Campos
995,Carles Torras
996,James Watkins
997,Philippa Lowthorpe
998,Chris Howe
999,Peter Sollett
1000,Tosin Coker
1001,Javier Colinas
1002,Dean DeBlois
1003,Reinhard Klooss
1004,Satish Rajwade
1005,Abhijeet Deshpande
1006,Mahesh Manjrekar
1007,Prakash Kunte
1008,Manish Saini
1009,Kenny Ortega
1010,Makarand Mane
1011,Vijay Maurya
1012,Sameer Patil
1013,Kenzo Maihara
1014,Amandha Wyanto
1015,Ahmed Nader Galal
1016,Arati Kadav
1017,Maïmouna Doucouré
1018,Marcos Carnevale
1019,Jeff Orlowski
1020,Cho Il
1021,Tolga Karaçelik
1022,Philip Barantini
1023,Charlie Kaufman
1024,Abba T. Makama
1025,Junior Carelli
1026,Rudge Campos
1027,Ertanto Robby Soediskam
1028,Mark Steven Johnson
1029,Felix Binder
1030,Thor Freudenthal
1031,Nguyen Thanh Tung
1032,Baltasar Kormákur
1033,Conrad Helten
1034,Ayumu Watanabe
1035,Hitoshi Namba
1036,Chris Miller
1037,Sean Anders
1038,Abbas Mustan
1039,Duncan McMath
1040,Dan Forgione
1041,Pete Jacobs
1042,Matt Whitlock
1043,Francesco Carnesecchi
1044,Greg Tiernan
1045,Mark Thornton
1046,Todd Kauffman
1047,Shamzu Zayba
1048,Jesse V. Johnson
1049,Brett Haley
1050,Chris Roland
1051,Maradona Dias Dos Santos
1052,David Galán Galindo
1053,David Moreton
1054,Lester Hsi
1055,Cyrus Nowrasteh
1056,Isabel Sandoval
1057,Nathan Wiley
1058,Wayne Blair
1059,Atul Sabharwal
1060,Bernardo Arellano
1061,Trish Sie
1062,Hong Won-ki
1063,Khaled Marei
1064,Fred Wolf
1065,Niyi Akinmolayan
1066,Sammaria Sari Simanjuntak
1067,Tom Hooper
1068,Sergei Bodrov
1069,Cory Edwards
1070,Faraday Okoro
1071,Henry Joost
1072,Ariel Schulman
1073,Rebecca Zlotowski
1074,Sharan Sharma
1075,Tyler Spindel
1076,Vicky Wight
1077,Marc Meyers
1078,Franziska Meyer Price
1079,Steven Rinella
1080,Laura Terruso
1081,Martín Sastre
1082,Franck Nataf
1083,Savage Steve Holland
1084,Mike Doyle
1085,Darren Grant
1086,Steve Ball
1087,Joseph Ruben
1088,Colin Minihan
1089,Regina Welker
1090,Nina Wels
1091,Honey Trehan
1092,Katleho Ramaphakela
1093,Rethabile Ramaphakela
1094,Ariel Boles
1095,Álvaro Delgado-Aparicio L.
1096,Venkatesh Maha
1097,Aniedi Anwah
1098,Mickey Fonseca
1099,Matias Mariani
1100,Jan Komasa
1101,Ben Kasulke
1102,Gagan Puri
1103,Teddy Chan
1104,Bhavin Wadia
1105,Tony Bancroft
1106,Scott Christian Sava
1107,Tope Alake
1108,Fernando González Molina
1109,Yuki Tanada
1110,Ahn Byoung-wook
1111,Sibusiso Khuzwayo
1112,Wilson Yip
1113,Dave Skinner
1114,Freddie Waters
1115,Denis Do
1116,Toka McBaror
1117,Tunde Apalowo
1118,Peter Sullivan
1119,Axelle Laffont
1120,Moses Inwang
1121,Daniel Oriahi
1122,Stefano Mordini
1123,Hayden Guppy
1124,André Odendaal
1125,Johan Vorster
1126,Amro Salah
1127,Gina Prince-Bythewood
1128,Wouter Bouvijn
1129,Bryn Evans
1130,Cristina Costantini
1131,Kareem Tabsch
1132,Hannah Fidell
1133,Chris Renaud
1134,Kyle Balda
1135,Coodie
1136,Chike
1137,Sachin Kundalkar
1138,Puri Jagannadh
1139,Vishal Mahadkar
1140,Karan Johar
1141,Zoya Akhtar
1142,Anthony D'Souza
1143,Soumendra Padhi
1144,Fuwad Khan
1145,Nishikant Kamat
1146,Krish
1147,Kabir Sadanand
1148,Rachit Kusonkoonsiri
1149,Shoojit Sircar
1150,Omung Kumar
1151,Umesh Shukla
1152,Devika Bhagat
1153,Takashi Doscher
1154,Shubham Singh
1155,Abbas Alibhai Burmawalla
1156,Mastan Alibhai Burmawalla
1157,Luv Ranjan
1158,Vikas Bahl
1159,Neeraj Pandey
1160,Aanand Rai
1161,Gurmmeet Singh
1162,LP
1163,Rako Prijanto
1164,Raoul Peck
1165,Shirley Frimpong-Manso
1166,Fabio Ock
1167,Joana Mazzucchelli
1168,Sabina Fedeli
1169,Anna Migotto
1170,Kyran Kelly
1171,Salvador Calvo
1172,Cem Yılmaz
1173,Barry Avrich
1174,Bruce Beresford
1175,Michael Duggan
1176,Paul Verhoeven
1177,Younuts!
1178,Obi Emelonye
1179,Daniel Effiong
1180,Rachel Griffiths
1181,David Dobkin
1182,Oluseyi Asurf
1183,Eduardo Roy Jr.
1184,Abhijit Panse
1185,Ravikanth Perepu
1186,Sooraj R. Barjatya
1187,Anvita Dutt
1188,Gaspar Antillo
1189,Eric Notarnicola
1190,Musthafa
1191,Ishaya Bako
1192,Kate Mulleavy
1193,Laura Mulleavy
1194,Akhigbe Ilozobhie
1195,Apurva Dhar Badgaiyann
1196,Elissa Down
1197,Guillaume Pierret
1198,Olivier Assayas
1199,Junichi Sato
1200,Tomotaka Shibayama
1201,Manatsanun Phanlerdwongsakul
1202,Georges Hachem
1203,Peter Lepeniotis
1204,Jim Hosking
1205,Paco Aguilar
1206,Greg McLean
1207,Juan José Campanella
1208,A. Raajdheep
1209,Pidi Baiq
1210,Nicholas Kharkongor
1211,Michael McKay
1212,Kitaro Kosaka
1213,Ali F. Mostafa
1214,Ayman Makram
1215,George Gallo
1216,Ry Russo-Young
1217,Barbara Białowąs
1218,Tomasz Mandes
1219,Akhil Paul
1220,Anas Khan
1221,Kanika Batra
1222,Michael Cristofer
1223,Mohamed Khan
1224,Adriana Trigiani
1225,Phil Sgriccia
1226,Olivier Megaton
1227,Andaç Haznedaroğlu
1228,Murat Kepez
1229,Greta Gerwig
1230,Wael Ehsan
1231,Inas El-Degheidy
1232,Sameh Abdulaziz
1233,Wael Ihsan
1234,Izidore K. Musallam
1235,Sherif Arafa
1236,Yasir Al Yasiri
1237,Safdar Rahman
1238,Tomas Brickhill
1239,Hani Al-Shaibani
1240,Mamoru Hosoda
1241,James Franco
1242,Niall Johnson
1243,Michael Damian
1244,Ahmed Zain
1245,Angshuman Ghosh
1246,Ahmed Zein
1247,Alejandro Montiel
1248,Fernando Frías de la Parra
1249,Madeleine Parry
1250,Yu Yang
1251,Jesse Warn
1252,Josh Safdie
1253,Benny Safdie
1254,Hiromasa Yonebayashi
1255,Yoshiyuki Momose
1256,Akihiko Yamashita
1257,Michael Showalter
1258,Norm Hiscock
1259,Gary Howsam
1260,Mike Smith
1261,John Paul Tremblay
1262,Robb Wells
1263,Almunsif Alsuwaisi
1264,Andrés Feddersen
1265,Samir Al Asfory
1266,Hassan AbdulSalam
1267,Houssam El-Din Mustafa
1268,Muhammad Fadl
1269,Hany Motawie
1270,Lonzo Nzekwe
1271,Alex Timbers
1272,Sam Wrench
1273,Rebecca Johnson
1274,Carlos Morett
1275,Megha Ramaswamy
1276,Saeed Hamed
1277,Ahmed Al-Badry
1278,Ali Ragab
1279,Ahmad El-Badri
1280,Marcus Raboy
1281,Haifaa Al-Mansour
1282,Ekene Som Mekwunye
1283,Mohammed Alhmly
1284,Lucien Bourjeily
1285,Laura Mañá
1286,Sivaroj Kongsakul
1287,Salmeen AlMurry Amer
1288,Mohit Suri
1289,Adekunle Nodash Adejuyigbe
1290,Sadeq Behbehani
1291,Dylan Mohan Gray
1292,Hussein El Ansary
1293,Claire Scanlon
1294,Vipul Amrutlal Shah
1295,Donick Cary
1296,Will Forbes
1297,Francesco Amato
1298,Damien Chazelle
1299,Houda Benyamina
1300,Laïla Marrakchi
1301,Alan Poul
1302,S.A. Zaidi
1303,Hamad AlSarraf
1304,He Xiaofeng
1305,Nadia Hallgren
1306,Joe DeMaio
1307,Aaron Woodley
1308,Lucas Margutti
1309,Ashok Nanda
1310,Hernán Guerschuny
1311,Alex Ranarivelo
1312,Seth Barrish
1313,Brett Hedlund
1314,Joe Robert Cole
1315,Michelle Esrick
1316,Olivier Abbou
1317,Craig Freimond
1318,Shirish Kunder
1319,Mysskin
1320,Alice Wu
1321,Dennie Gordon
1322,Michael M. Scott
1323,Bruno Garotti
1324,Sion Sono
1325,David Chuang
1326,Chen Kuan-chung
1327,Omoni Oboli
1328,Saravana Rajan
1329,Sırrı Süreyya Önder
1330,Sermiyan Midyat
1331,Ahmed Yousry
1332,Hazem Fouda
1333,Handan İpekçi
1334,Ferzan Özpetek
1335,Paul Munger
1336,Matei Dima
1337,Jonathan Augustin
1338,Venky Kudumula
1339,Amr Arafa
1340,Michel Hazanavicius
1341,Ahmed Saleh
1342,Ahmed Medhat
1343,Mohamed Yassin
1344,Chakri Toleti
1345,Neville Shah
1346,Upi Avianto
1347,Yoon Sung-hyun
1348,Patryk Vega
1349,Marc Vigil
1350,Ryan Polito
1351,Anoop Sathyan
1352,Müfit Can Saçıntı
1353,Cüneyt Kaya
1354,Greg Barker
1355,Leticia Jorge Romero
1356,Adrien Lagier
1357,Ousmane Ly
1358,Ethan Coen
1359,Joel Coen
1360,Jon M. Chu
1361,Diego Pignataro
1362,Ian Edelman
1363,Ali Yorgancıoğlu
1364,Digo Ricio
1365,Emcy Joseph
1366,Kranthi Madhav
1367,Matt D'Elia
1368,Jeff Chan
1369,Dean Craig
1370,Grand Corps Malade
1371,Mehdi Idir
1372,Jay Karas
1373,Stefano Lodovichi
1374,Alan Yang
1375,Perci Intalan
1376,M. Night Shyamalan
1377,Chris Robinson
1378,Eddie Mensore
1379,Sean Baker
1380,Padraig Reynolds
1381,Yorgos Lanthimos
1382,Michael Dowse
1383,Armando Iannucci
1384,Haruka Fujita
1385,Mukul Anand
1386,Karan Malhotra
1387,David Batra
1388,Jon Rudberg
1389,Tarun Mansukhani
1390,Ramesh Talwar
1391,Mahesh Bhatt
1392,Raj Khosla
1393,Punit Malhotra
1394,Soham Shah
1395,Nikkhil Advani
1396,Shakun Batra
1397,Prakash Mehra
1398,Anand Ravichandran
1399,Richard Claus
1400,Karsten Kiilerich
1401,Floria Sigismondi
1402,Renzil D'Silva
1403,Fritz Böhm
1404,Ravishankar Venkateswaran
1405,David Hunt
1406,Stephen S. Campanelli
1407,Rakesh Ranjan Kumar
1408,Sam Irvin
1409,Gary Stretch
1410,Desingh Periyasamy
1411,Neeraj Udhwani
1412,Patrice Laliberté
1413,Ellen Page
1414,Ian Daniel
1415,Prentice Penny
1416,Zsolt Pálfi
1417,Nawapol Thamrongrattanarit
1418,Aaron Lieber
1419,Tamas Yvan Topolanszky
1420,Àlex Pastor
1421,David Pastor
1422,Rami Hachache
1423,Gabriela García Rivas
1424,Francesco Lettieri
1425,John Suits
1426,Takeru Nakajima
1427,Yoshiyuki Okada
1428,Malik Nejer
1429,Susan Walter
1430,Masaaki Yuasa
1431,Jeff Tomsic
1432,Scot Armstrong
1433,Naman Nitin Mukesh
1434,Navjot Gulati
1435,Stephanie Zwane
1436,Owen Trevor
1437,Stephanie Turner
1438,Kim Seong-hun
1439,Liz Garbus
1440,Mehmet Ada Öztekin
1441,Jos Humphrey
1442,Ruchi Narain
1443,Christophe Charrier
1444,Stanley Nelson
1445,Daniel Calparsoro
1446,Steve Gukas
1447,Kittiphak Thonguam
1448,Cristi Puiu
1449,Sebastian Jones
1450,Ramez Silyan
1451,Carlos Sedes
1452,Adam B. Stein
1453,Zach Lipovsky
1454,Athiyan Athirai
1455,Zuko Nodada
1456,Madonna
1457,Milton Horowitz
1458,Sneha Taurani
1459,Matthew Ross
1460,Lee Kirk
1461,Ziggy Hofmeyr
1462,Yacine Belhousse
1463,Trivikram Srinivas
1464,Kunihiko Yuyama
1465,Motonori Sakakibara
1466,Ali Kalthami
1467,Meshal Aljaser
1468,Mohamed al Salman
1469,Faisal al Amer
1470,Tolu Awobiyi
1471,Jason Orley
1472,Robert Eagar
1473,Travis Stevens
1474,Mick Grogan
1475,Nora Fingscheidt
1476,Jeethu Joseph
1477,Dee Rees
1478,Sooni Taraporevala
1479,Linda Korsten
1480,Angelina Jolie
1481,R.J. Daniel Hanna
1482,Paco Cabezas
1483,Peter Billingsley
1484,Jason Zada
1485,Richard Phelan
1486,Will Becher
1487,Rod Cabatana Marmol
1488,Michał Tylka
1489,Oliver Kienle
1490,Brian Webber
1491,Takashi Yamazaki
1492,Ryuichi Yagi
1493,Makoto Hanafusa
1494,Pantham Thongsang
1495,Cheewatan Pusitsuksa
1496,Paul Krüger
1497,Anél Stolp
1498,Andrew Dean
1499,Lars Klevberg
1500,Lukasz Kosmicki
1501,Shanavas K. Bavakutty
1502,Kwabena Gyansah
1503,Jeff Baena
1504,Kumaran
1505,Jared Moshé
1506,Austin Peck
1507,Anneliese Vandenberg
1508,James Bamford
1509,Nate Adams
1510,Adam Carolla
1511,Ivan Silvestrini
1512,Robert Krantz
1513,Gregory Jacobs
1514,Alfonso Cortés-Cavanillas
1515,Xavier Manrique
1516,Richard Gabai
1517,Alfons Adetuyi
1518,Thomas Astruc
1519,Erwin van den Eshof
1520,G.J. Echternkamp
1521,Hikari
1522,Jean-Claude Flamand-Barny
1523,Lana Wilson
1524,Shannon Hartman
1525,David Oelhoffen
1526,Ramesh Sippy
1527,Ajay Bhuyan
1528,Josh Z. Weinstein
1529,Joshua Z. Weinstein
1530,Chung Mong-hong
1531,Johnny Breedt
1532,César Rodrigues
1533,Quek Shio-chuan
1534,Pablo Stoll
1535,Juan Pablo Rebella
1536,Krysia Plonka
1537,Madhumita
1538,Debamitra Biswal
1539,David Lynch
1540,Tyler Perry
1541,Caryn Waechter
1542,Tim Hill
1543,Numa Perrier
1544,Brian Helgeland
1545,Danny Boyle
1546,Rima Das
1547,Paco Plaza
1548,Andrew Goth
1549,William Kaufman
1550,David Benioff
1551,D.B. Weiss
1552,Steve Boettcher
1553,Mikhil Musale
1554,Tom Green
1555,David Lowery
1556,Maria Ripoll
1557,Yibrán Asuad
1558,Edwin
1559,Vadim Jean
1560,Mark A.Z. Dippé
1561,Kyung Ho Lee
1562,Eondeok Han
1563,John A. Davis
1564,Tetsuo Yajima
1565,Steve Rash
1566,Ravi Babu
1567,Soumitra Ranade
1568,Jon Rosenbaum
1569,Bruce Leddy
1570,Yuki Yamato
1571,Andrew Wessels
1572,Emir Kusturica
1573,Elisa Fuksas
1574,Lee Toland Krieger
1575,Akiyuki Shinbo
1576,Nobuyuki Takeuchi
1577,Ron Oliver
1578,Shojiro Nishimi
1579,Guillaume Renard
1580,Pepe Bojórquez
1581,Rhys Thomas
1582,David M. Rosenthal
1583,Louise Alston
1584,Sunkanmi Adebayo
1585,Frank Rajah Arase
1586,Fernando Meirelles
1587,Sebastian DiNatale
1588,Nuhash Humayun
1589,Syed Ahmed Shawki
1590,Rahat Rahman
1591,Robiul Alam Robi
1592,Golam Kibria Farooki
1593,Mir Mukarram Hossain
1594,Tanvir Ahsan
1595,Mahmudul Islam
1596,Abdullah Al Noor
1597,Krishnendu Chattopadhyay
1598,Syed Saleh Ahmed Sobhan
1599,Karan Anshuman
1600,Farhan Akhtar
1601,Mrighdeep Singh Lamba
1602,Tsutomu Mizushima
1603,Reema Kagti
1604,Jadesola Osiberu
1605,Vijay Lalwani
1606,Abhishek Kapoor
1607,Michael Bay
1608,Bunmi Ajakaiye
1609,Ding-Lin Wang
1610,Richard van't Riet
1611,Shonali Bose
1612,Lance Bangs
1613,Robbie Countryman
1614,Trey Edward Shults
1615,Sujeeth
1616,Alexandre Avancini
1617,Noah Baumbach
1618,Atsuko Ishizuka
1619,Eric Aghimien
1620,Michel Tikhomiroff
1621,John Schultz
1622,Linda Mendoza
1623,Michelle Johnston
1624,Vijay Kumar Arora
1625,Matt Shakman
1626,Mikhail Red
1627,Pankaj Batra
1628,Navaniat Singh
1629,Gaurav Bavdankar
1630,Jagdeep Sidhu
1631,Tanawat Aiemjinda
1632,Mukesh Vohra
1633,Syrine Boulanouar
1634,Nekfeu
1635,Tudor Giurgiu
1636,Luis Ara
1637,Ignacio Jaunsolo
1638,Abhishek Sharma
1639,Mati Diop
1640,Jérémy Clapin
1641,Mandla Dube
1642,Cheta Chukwu
1643,Roger Russell
1644,Edward Zwick
1645,Basava Shankar Eeday
1646,Elle-Máijá Tailfeathers
1647,Kathleen Hepburn
1648,Sanjiv Jaiswal
1649,Julien Abraham
1650,Monika Mitchell
1651,Eva Orner
1652,KVR Mahendra
1653,Juan Carlos Rulfo
1654,Raj R
1655,Steve Paley
1656,Robb Dipple
1657,Eli Roth
1658,Wash Westmoreland
1659,Alessandro Angulo
1660,Mauro Scandolari
1661,Arjun Jandyala
1662,Shashanka Ghosh
1663,Samit Basu
1664,Naoko Yamada
1665,Sergio Pablos
1666,Valli Bindana
1667,Makoto Shinkai
1668,Gautier & Leduc
1669,Christopher Storer
1670,Luke Snellin
1671,Xavier Durringer
1672,Pawan Kumar
1673,Phillip Youmans
1674,Zhang Yimou
1675,Neal Brennan
1676,Azazel Jacobs
1677,Jung Ji-woo
1678,Matt D'Avella
1679,Parthiban
1680,Scott McAboy
1681,Raymie Muzquiz
1682,Stu Livingston
1683,Stephen Herek
1684,Joe Menendez
1685,Eric Bross
1686,Will Eisenberg
1687,Marina Seresesky
1688,Kenny Leon
1689,Harvey Lowry
1690,James Dearden
1691,Michael A. Nickles
1692,Blayne Weaver
1693,David Michôd
1694,Marco Bonfanti
1695,Rodrigo Guardiola
1696,Gabriel Cruz Rivas
1697,Juani Libonatti
1698,DJ Chen
1699,Park Joon-hwa
1700,Saravana Rajendran
1701,Matt Kay
1702,Craig Brewer
1703,Zak Hilditch
1704,Michael Steiner
1705,Andrew Slater
1706,Glen Goei
1707,Gavin Yap
1708,Huw Cordey
1709,Yuen Woo-ping
1710,Gillian Robespierre
1711,Thomas Vinterberg
1712,Ciarán Foy
1713,Daniel Sánchez Arévalo
1714,Don Omope
1715,Steven Soderbergh
1716,Udai Singh Pawar
1717,Guntur Soeharjanto
1718,Kim Joo-hyung
1719,Louie Psihoyos
1720,Ahmet Katıksız
1721,Jean-François Blais
1722,Leïla Sy
1723,Kery James
1724,Vince Gilligan
1725,Bolanle Austen-Peters
1726,Dennis Rovira van Boekholt
1727,Jenny Gage
1728,Kaila York
1729,Vandana Kataria
1730,Onur Bilgetay
1731,Vincenzo Natali
1732,Tugçe Soysop
1733,Jacob Joice
1734,Luis Javier Henaine
1735,Lee Yoon-jung
1736,Roy Poortmans
1737,Nicholaus Goossen
1738,Stig Bergqvist
1739,Paul Demeyer
1740,Igor Kovalyov
1741,Norton Virgien
1742,Danny Cannon
1743,Mana Yasuda
1744,Gupse Özay
1745,Jim Mickle
1746,Mangesh Hadawale
1747,Wong Kar Wai
1748,Michael J. Bassett
1749,Rahul Ravindran
1750,Archie Borders
1751,Deepti Naval
1752,Scott Aukerman
1753,Mariano Barroso
1754,Kiko Cruz Claverol
1755,Patricia Font
1756,Sandeep Reddy Vanga
1757,Tom Donahue
1758,Michèle Ohayon
1759,Randall Lobb
1760,Alex Stapleton
1761,Teng Huatao
1762,Nzingha Stewart
1763,Anubhav Sinha
1764,Maha Venkatesh
1765,Tharun Bhascker
1766,Farhan Alam
1767,A. L. Vijay
1768,Hayato Date
1769,Petra Costa
1770,Lea Glob
1771,Alejandro Fernández Almendras
1772,Jota Linares
1773,Wagner de Assis
1774,White Trash Tyler
1775,Stan Lathan
1776,Yeung Yat-Tak
1777,Rai Yuvraj Bains
1778,Sunil Thakur
1779,Muh Chen
1780,Saurabh Sinha
1781,Ashwin Saravanan
1782,Julia Knowles
1783,Tarsem Singh
1784,Kepa Sojo
1785,Cho Li
1786,Chen Hung-yi
1787,Liu Bang-yao
1788,Lin Guan-fu
1789,Shen Chi
1790,YC Tom Lee
1791,Manu Ashokan
1792,Anita Udeep
1793,Vlad Yudin
1794,Aadish Keluskar
1795,Joe Murray
1796,Cosmo Segurson
1797,Jesse Moss
1798,Shin Won-ho
1799,Sujoy Ghosh
1800,John Asher
1801,Alex Burunova
1802,Jesús Torres Torres
1803,Vijay Kumar
1804,Phanindra Narsetti
1805,Gideon Raff
1806,Jorge M. Fontana
1807,Olivier Afonso
1808,Jay Chapman
1809,Demetri Martin
1810,Dante Lam
1811,Chi Keung Fung
1812,Corey Yuen
1813,Patrick Leung
1814,To-hoi Kong
1815,Frank Ariza
1816,Jerry Seinfeld
1817,Aditya Sarpotdar
1818,Nisheeta Keni
1819,Daniel Gray Longino
1820,Gerardo Olivares
1821,Wi Ding Ho
1822,Thomas Sieben
1823,Joe Lynch
1824,Spike Jonze
1825,Sittisiri Mongkolsiri
1826,Robbie Grewal
1827,Thiagarajan Kumararaja
1828,Kate Horne
1829,Roberto Girault Facha
1830,Marcos Bucay
1831,Kevin Bray
1832,Jesse Johnson
1833,Miguel Cohan
1834,Luis Alberto Restrepo
1835,Andrés Beltrán
1836,Jaime Rayo
1837,Hideaki Anno
1838,Kazuya Tsurumaki
1839,Abhijit Kokate
1840,Srivinay Salian
1841,Antonin Baudry
1842,Jon Watts
1843,Jakob Lass
1844,Sanjay Jadhav
1845,Vinod Kapri
1846,Kyle Newacheck
1847,Mark Ritchie
1848,Rocky Soraya
1849,Federico Veiroj
1850,Isabel Coixet
1851,Grant Sputore
1852,Laxman Utekar
1853,Juan Antin
1854,Hanno Olderdissen
1855,Amar Kaushik
1856,Eva Trobisch
1857,Mathieu Auvray
1858,Datta Mohan Bhandare
1859,Sanjib Dey
1860,Daniel Yee Heng Chan
1861,Rakeysh Omprakash Mehra
1862,Han Han
1863,Jang Jae-hyun
1864,Sudabeh Mortezai
1865,Richard Shepard
1866,Vasan Bala
1867,Pedring A. Lopez
1868,Francesco Imperato
1869,Stefon Bristol
1870,Kate Melville
1871,Aditya Vikram Sengupta
1872,Mandie Fletcher
1873,Aijaz Khan
1874,Gonzalo López-Gallego
1875,Hepi Mita
1876,Che Sandoval
1877,Jean-Bernard Marlin
1878,Yee Tung-Shing
1879,Yen Cheng-kuo
1880,Frant Gwo
1881,Felipe Cano
1882,Gabriela Tagliavini
1883,Lee Jeong-beom
1884,William Bindley
1885,Manav Shah
1886,Michael Epstein
1887,Rachel Lears
1888,Syamsul Yusof
1889,Mangesh Kanthale
1890,Herman Yau
1891,Dar Gai
1892,Sathyan Anthikad
1893,Bille August
1894,Sarthak Dasgupta
1895,Jennifer Kaytin Robinson
1896,Renato De Maria
1897,Alan Rickman
1898,Ulises Valencia
1899,Richard Curtis
1900,Suparn Verma
1901,Anant Balani
1902,Soukarya Ghosal
1903,Leena Yadav
1904,Amitabha Singh
1905,Hasan Karacadağ
1906,Chris Nelson
1907,Lee Kyoungmi
1908,Yim Pilsung
1909,Jeon Go-woon
1910,Kim Jong-kwan
1911,John R. Leonetti
1912,Rajiv Menon
1913,Jeremiah Jones
1914,Brie Larson
1915,Anggy Umbara
1916,Shelly Chopra Dhar
1917,Shanjey Kumar Perumal
1918,Tianyu Zhao
1919,Shazia Ali Khan
1920,Erik White
1921,Owen Egerton
1922,"Sam ""Blitz"" Bazawule"
1923,Swapnaneel Jayakar
1924,Kyzza Terrazas
1925,John Lee Hancock
1926,Awi Suryadi
1927,Raj Babu
1928,Javier Ruiz Caldera
1929,Chanon Yingyong
1930,Phuwanit Pholdee
1931,Oriol Paulo
1932,Wenn V. Deramas
1933,Joyce Bernal
1934,Maryo J. De los Reyes
1935,Karan Shivajirao Chavan
1936,Vikram Tanajirao Patil
1937,Amy Schumer
1938,Richard Loncraine
1939,Pia Sukanya
1940,Yann Gozlan
1941,Lukas Dhont
1942,Matthew McNeil
1943,Frank W Chen
1944,Olivia M. Lamasan
1945,J.C. Chandor
1946,Ibrahim Bin Mohamed
1947,Hasan Aljaberi
1948,Clark Johnson
1949,Emmanuel Mouret
1950,Conor Allyn
1951,Nuel Naval
1952,Keoni Waxman
1953,Isao Yukisada
1954,Nottapon Boonprakob
1955,Xavier Gens
1956,Jonathan A. Rosenbaum
1957,Franck Phelizon
1958,Peter Howitt
1959,Chiwetel Ejiofor
1960,Rodrigo Salomón
1961,Pietro Scappini
1962,Miguel Ángel Vivas
1963,Carlos Vermut
1964,Sridhar Rangayan
1965,Michael Blieden
1966,Pawan K Shrivastava
1967,Mar Targarona
1968,Aruna Raje
1969,Alex Lehmann
1970,Elisabeth Vogler
1971,Parambrata Chatterjee
1972,Woo Min-ho
1973,Paul Miller
1974,Michael Del Monte
1975,Suseenthiran
1976,Kevin MacDonald
1977,Prasanth Varma
1978,Gangadhar Salimath
1979,Marcelo Galvão
1980,Shanawaz Nellikunnil
1981,Lars Kaalund
1982,Hari Nath
1983,Saket Chaudhary
1984,Tanuja Chandra
1985,Jackie van Beek
1986,Madeleine Sami
1987,Sachin Kamlakar Khot
1988,Daniel Monzón
1989,Tom Stern
1990,Kelly Duane de la Vega
1991,Julio Medem
1992,Johnny Kevorkian
1993,Amshan Kumar
1994,Hsu Chih-yen
1995,Mag Hsu
1996,Rick Morales
1997,Michael D. Black
1998,Dan Gilroy
1999,Mamat Khalid
2000,Nishil Sheth
2001,Byun Hyuk
2002,Zoe Berriatúa
2003,Faozan Rizal
2004,Mansore
2005,Kuntz Agus
2006,Meisa Felaroze
2007,Jerrold Tarog
2008,Laura Alvea
2009,José Ortuño
2010,Gastón Duprat
2011,Andy Caballero
2012,Diego Corsini
2013,Seren Yüce
2014,Jonathan Helpert
2015,André D'Elia
2016,Matías Gueilburt
2017,Hashim Nadeem Khan
2018,Feroz
2019,Syed Atif Ali
2020,Lee Seung-won
2021,Rik Reinholdtsen
2022,Gauravv K Chawla
2023,Hugo Stuven
2024,Greg Pritikin
2025,Kobun Shizuno
2026,Hiroyuki Seshita
2027,Kunal Kohli
2028,Noor Imran Mithu
2029,Nonzee Nimibutr
2030,Ísold Uggadóttir
2031,Genevieve Nnaji
2032,Terry Gilliam
2033,Terry Jones
2034,Yanyong Kuruaungkoul
2035,Lenin Bharathi
2036,Ranjit Jeyakodi
2037,Ram
2038,John Fortenberry
2039,Chris Bould
2040,Kevin Booth
2041,David Johndrow
2042,Walter C. Miller
2043,Noriyuki Abe
2044,Ellen Brown
2045,Matt Askem
2046,Rob Zombie
2047,Álvaro Brechner
2048,Rakesh Mehta
2049,Gonzalo Bendala
2050,Noam Murro
2051,Kheiron
2052,Susanne Bier
2053,Gilbert Chan
2054,Rarecho
2055,Steve Cheng
2056,Sam Loh
2057,Jason Lai
2058,Samit Kakkad
2059,Tig Notaro
2060,Prasobh Vijayan
2061,Sriram Raghavan
2062,Elaine Bogan
2063,John Sanford
2064,Michael Cuesta
2065,David Cronenberg
2066,Thom Zimny
2067,James Marsh
2068,Sean Olson
2069,Sigrid Andrea Bernardo
2070,Manoj Beedha
2071,Alfonso Cuarón
2072,Marco Risi
2073,Anne Fletcher
2074,Andy Serkis
2075,Mat King
2076,Bert Marcus
2077,Ahsan Rahim
2078,Andrew Lau Wai-Keung
2079,Cheang Pou Soi
2080,Katarina Launing
2081,Johnnie To
2082,Lawrence Cheng
2083,Prakash Balwant Saini
2084,Nam Ron
2085,Baljit Singh Deo
2086,Leung Lok Man
2087,Luk Kim-ching
2088,Jazz Boon
2089,Felix Chong
2090,Dhanush
2091,Gary Mak
2092,Liu Jiang
2093,Joseduardo Giordano
2094,Sergio Goyri Jr.
2095,Alice Rohrwacher
2096,Nandita Das
2097,Romain Gavras
2098,Sebastián Hofmann
2099,Denny Lu
2100,Mike Myhre
2101,Clay Kaytis
2102,Fernando Colomo
2103,Robert Vince
2104,Raditya Dika
2105,David Paul Meyer
2106,Leslie Iwerks
2107,Daniel Goldhaber
2108,Fred Cavayé
2109,V C Abhilash
2110,Nila Madhab Panda
2111,Timo Tjahjanto
2112,Nishanth Ravindaran
2113,Jathin Sanker Raj
2114,Swapna Waghmare Joshi
2115,Erik Matti
2116,Vincent Kok
2117,Christian Zübert
2118,David Mackenzie
2119,Tejas Prabha Vijay Deoskar
2120,Matheus Souza
2121,Bradley Walsh
2122,Orson Welles
2123,Morgan Neville
2124,Indrajit Nattoji
2125,Raj Kumar Gupta
2126,Remo D'Souza
2127,Arnab Chaudhuri
2128,Rana Ranbir
2129,Kookie V. Gulati
2130,Vivek Agnihotri
2131,Habib Faisal
2132,Bobby Roth
2133,Halder Gomes
2134,Amitoj Mann
2135,B. Unnikrishnan
2136,Madhur Bhandarkar
2137,Sajid Khan
2138,Saji Surendran
2139,Ksshitij Chaudhary
2140,Sundar C.
2141,Gary Binkow
2142,Nikhil Advani
2143,Navinder Pal Singh
2144,Kunal Deshmukh
2145,R. Kannan
2146,Gaurav Narayanan
2147,Kevin Layne
2148,Jennifer M. Kroot
2149,Akin Omotoso
2150,Dani de la Torre
2151,Aleksey German
2152,Sergio Barrejón
2153,Vijay Yelakanti
2154,Joanna Lombardi
2155,Bruno Ascenzo
2156,Kim Jee-woon
2157,Rajesh Touchriver
2158,David Lam
2159,Thiru
2160,Tom Forrest
2161,Anik Datta
2162,Shaad Ali
2163,Gareth Evans
2164,Paul Urkijo Alijo
2165,Rizal Mantovani
2166,Sara Colangelo
2167,Rusty Cundieff
2168,Darin Scott
2169,Kabir Bhatia
2170,Chris Eigeman
2171,Olaf de Fleur
2172,Tamara Jenkins
2173,Kavi Raz
2174,Nick Simon
2175,Eric Idle
2176,Aubrey Powell
2177,Will Yapp
2178,Terry Hughes
2179,Ian MacNaughton
2180,Roger Graef
2181,James Rogan
2182,Simranjit Singh Hundal
2183,N. Linguswamy
2184,Deep Joshi
2185,Manjeet Maan
2186,Amarpreet G S Chabbra
2187,Paresh Mokashi
2188,Rohit Jugraj
2189,Atharv Baluja
2190,Vishal Bhardwaj
2191,Puneet Sira
2192,Aziz Mirza
2193,Sameer Sharma
2194,Chandan Arora
2195,Rajan Madhav
2196,Raaghav Dar
2197,Ishi Rudell
2198,David Lee Miller
2199,Amit Saxena
2200,Jaivi Dhanda
2201,Suman Ghosh
2202,Kabir Khan
2203,Akshay Akkineni
2204,Nidhi Sharma
2205,Vipin Parashar
2206,Vikram Pradhan
2207,Vijay
2208,Sartaj Singh Pannu
2209,Ayaan Mukherji
2210,Sidharth Malhotra
2211,Saket Behl
2212,Anjum Shahzad
2213,Ken Kwapis
2214,Monique Gardenberg
2215,Han Yan
2216,Jeremy Saulnier
2217,Anthony Byrne
2218,Rashida Jones
2219,Alan Hicks
2220,Ariel Vromen
2221,Nicole Holofcener
2222,Alessio Cremonini
2223,Joram Lürsen
2224,Kevin R. Adams
2225,Joe Ksander
2226,Ian Samuels
2227,Franck Ribière
2228,Peter Ho
2229,Qaushiq Mukherjee
2230,Onir
2231,Jatla Siddartha
2232,Kanwal Sethi
2233,Samuel Jouy
2234,Shivam Nair
2235,A.R. Murugadoss
2236,Jordan Brady
2237,Patrick Graham
2238,Mike Clattenburg
2239,Han Qing
2240,Ashwiny Iyer Tiwari
2241,Atlee Kumar
2242,Ravi Udyawar
2243,R. Balki
2244,Shree Narayan Singh
2245,Manuel Martín Cuenca
2246,Susan Johnson
2247,Y. Joon Chung
2248,Rucha Humnabadkar
2249,Mike Newell
2250,Jake Szymanski
2251,Floyd Russ
2252,Abhishek Varman
2253,Sabir Khan
2254,Nikhil Nagesh Bhat
2255,Xiaoxing Yi
2256,Yoshitaka Takeuchi
2257,Haoling Li
2258,Lauren Miller Rogen
2259,Nitesh Tiwari
2260,Khalid Mohamed
2261,Sanjay Leela Bhansali
2262,Prem Soni
2263,Prabhu Deva
2264,Mandeep Kumar
2265,Jesse Handsher
2266,Olivier Roland
2267,Pablo Giorgelli
2268,Ted Emery
2269,Tony Datis
2270,Raúl Campos
2271,Jan Suter
2272,Ben Young
2273,Chris Jenkins
2274,Scott Zabielski
2275,Diego Cohen
2276,Lee Eung-bok
2277,Jody Hill
2278,Samu Fuentes
2279,Alexandre Espigares
2280,Scott L. Montoya
2281,Sam Voutas
2282,Raj Kaushal
2283,K.C. Bokadia
2284,Samir Soni
2285,Juan Antonio de la Riva
2286,Shlok Sharma
2287,Yayo Herrero
2288,Matt Palmer
2289,Rodrigo Triana
2290,Federico D'Alessandro
2291,Seiji Mizushima
2292,Myriam Aziza
2293,Gerard Barrett
2294,Rene Liu
2295,Jon Olb
2296,Oded Raz
2297,Ramón Salazar
2298,Eduardo Mendoza de Echave
2299,Craig Johnson
2300,Jeffrey Walker
2301,Shadab Khan
2302,Nattawut Poonpiriya
2303,Felix Starck
2304,Norberto López Amado
2305,Alex Richanbach
2306,Brit McAdams
2307,Hayao Miyazaki
2308,Anthony Abrams
2309,Adam Larson Broder
2310,Bobcat Goldthwait
2311,Dani Levy
2312,Sonny Mallhi
2313,Andrew Niccol
2314,Isabelle Nanty
2315,Antonio Morabito
2316,Rene Bueno
2317,John Woo
2318,Patricia Ferreira
2319,Jimmy Henderson
2320,Devashish Makhija
2321,Amal Neerad
2322,Julius R. Nasso
2323,Lucas Figueroa
2324,Alfonso Rodríguez
2325,Dito Montiel
2326,Vicente Villanueva
2327,Amit Roy
2328,Teddy Lussi-Modeste
2329,Ben Shelton
2330,Curro Velázquez
2331,Robert Smigel
2332,Max Amini
2333,Jason Sussberg
2334,David Alvarado
2335,Célia Catunda
2336,Kiko Mistrorigo
2337,Rodrigo Eba
2338,Sang-ho Yeon
2339,Andy Fickman
2340,Olivia Milch
2341,Pedro Coutinho
2342,Joshua Marston
2343,Eleonore Pourriat
2344,Peter Webber
2345,Peter Orton
2346,Marja Lewis Ryan
2347,Ryan Koo
2348,Hatem Khraiche
2349,Derek Peck
2350,Jennifer Morrison
2351,Hèctor Hernández Vicens
2352,Kader Aoun
2353,Abhay Chopra
2354,Diego Lerman
2355,Farah Khan
2356,Ananda Krishnan
2357,Amol Palekar
2358,Joe Miale
2359,Olivia Newman
2360,Jared Stern
2361,Lennart Ruff
2362,Dan Lucchesi
2363,Mijke de Jong
2364,Daryl Hannah
2365,Michael Larnell
2366,Advait Chandan
2367,Brandon Camp
2368,Sunao Katabuchi
2369,Johan Brisinger
2370,Maria Sadowska
2371,Yang Woo-seok
2372,John L. Spencer
2373,Victor Cook
2374,Kazuya Murata
2375,Martin Zandvliet
2376,Paul Solet
2377,Rick Benattar
2378,Robin Aubert
2379,Mitch Gould
2380,Lars Büchel
2381,Amit Barot
2382,Carlo Padial
2383,Milind Dhaimade
2384,Hong-seon Kim
2385,Duncan Jones
2386,Hang-Jun Jang
2387,Fumihiko Sori
2388,Mariano Baez
2389,Stephanie Laing
2390,Anand Tiwari
2391,Roberta Grossman
2392,Sophie Sartain
2393,David Bruckner
2394,Ari Sandel
2395,Julius Onah
2396,Ildiko Enyedi
2397,You-Jeong Chang
2398,Selima Taibi
2399,Marty Callner
2400,Javier Ambrossi
2401,Javier Calvo
2402,David Wain
2403,Isaac Florentine
2404,Scott Moran
2405,Charles Stone III
2406,Matt Angel
2407,Suzanne Coote
2408,Chris Baugh
2409,Latif Faiziyev
2410,Umesh Mehra
2411,Rajiv Mehra
2412,Rhiannon Bannenberg
2413,David Mrnka
2414,Maya Forbes
2415,Milind Rau
2416,Mike Flanagan
2417,Craig Elrod
2418,Yasuhiro Irie
2419,Alethea Jones
2420,Jay Baruchel
2421,Ludovic Bernard
2422,Noël Wells
2423,Patrick Brice
2424,Daniel Kontur
2425,Diego Kaplan
2426,Marco Deufemia
2427,Lydia Tenaglia
2428,Varun Narvekar
2429,Seth Henrikson
2430,Benson Lee
2431,Joel Crawford
2432,Michael Barrett
2433,Evan Spiridellis
2434,Jeff Gill
2435,Leopoldo Aguilar
2436,Nana Ekvtimishvili
2437,Simon Gross
2438,Olivier Jean-Marie
2439,Myles Kane
2440,Josh Koury
2441,Shreyas Talpade
2442,Ibai Abad
2443,Jim Gable
2444,Josh Wakely
2445,Jacob Kornbluth
2446,Alain Desrochers
2447,Go Koga
2448,Christian Charles
2449,Bronwen Hughes
2450,Alo Sarkar
2451,Iñaki Dorronsoro
2452,Ali Bin Matar
2453,Ali Samadi Ahadi
2454,D Ho
2455,Judah Friedlander
2456,Errol Morris
2457,Alex Israel
2458,Griffin Dunne
2459,Katherine Dieckmann
2460,Brian Klein
2461,Jeremy Rush
2462,Reem Kherici
2463,Ranjit Tiwari
2464,David Stubbs
2465,Shakti Samanta
2466,Mahmoud al Massad
2467,Yesim Ustaoglu
2468,Mahmoud Sabbagh
2469,Borja Cobeaga
2470,Brandon Jones
2471,Geun-hyun Cho
2472,Carlos Therón
2473,Karen J. Lloyd
2474,Vibeke Idsøe
2475,Carlos Algara
2476,Alejandro Martinez-Beltran
2477,Ritesh Batra
2478,Nabil Ayouch
2479,Louis J. Horvitz
2480,Warren P. Sonoda
2481,Álex de la Iglesia
2482,Chris Moukarbel
2483,Ana Lily Amirpour
2484,Michael Bonfiglio
2485,Ben Wallis
2486,Fernando Lebrija
2487,Rodrigo Toro
2488,Francisco Schultz
2489,Toshiyuki Kubooka
2490,Todd S. Yellin
2491,Mohammed Hussain
2492,Eli Craig
2493,Shammi Kapoor
2494,Florian Schnell
2495,Thierry Demaizière
2496,Alban Teurlai
2497,Mariano Cohn
2498,Gary Wang
2499,Raz Degan
2500,Israel Adrián Caetano
2501,Sarah Adina Smith
2502,Cate Shortland
2503,Adam Wingard
2504,Daniel Lindsay
2505,T.J. Martin
2506,Tommy Wirkola
2507,Jean-Claude La Marre
2508,Jorge Hernandez Aldana
2509,Will Canon
2510,S.S. Rajamouli
2511,Rob Silvestri
2512,Matthias Hoene
2513,Bryan Fogel
2514,Fabrice Du Welz
2515,John Butler
2516,Ali Scher
2517,Isaac Rentz
2518,Christopher Murray
2519,Claude Lelouch
2520,Jim Strouse
2521,Fazila Allana
2522,Eric Abrams
2523,Agustí Villaronga
2524,Harry Chaskin
2525,Marti Noxon
2526,Stefan Brogren
2527,Pat Healy
2528,Nicolas Brossette
2529,Serdar Akar
2530,Lekh Tandon
2531,Doesjka van Hoogdalem
2532,Sushil Majumdar
2533,Geetu Mohandas
2534,Paulo Oriol
2535,Oskar Santos
2536,Bill D'Elia
2537,Brent Bonacorso
2538,Roy Burdine
2539,Johnny Castuciano
2540,Iginio Straffi
2541,Arun Chidambaram
2542,Caio Cobra
2543,Cal Seville
2544,Michael John Warren
2545,Chang-Min Lee
2546,Oren Uziel
2547,Manika Sharma
2548,Kimo Stamboel
2549,Jun-seong Kim
2550,Edward Cotterill
2551,Onur Tukel
2552,Jayaprakash Radhakrishnan
2553,Rob Meyer
2554,Anita Barbosa
2555,Ketan Mehta
2556,Alberto Rodríguez
2557,Rahul Dholakia
2558,Jean-Patrick Benes
2559,Lygia Barbosa da Silva
2560,Eliane Brum
2561,Kundan Shah
2562,So Yong Kim
2563,Filip Renc
2564,Dylan Bank
2565,Daniel DiMauro
2566,Morgan Pehme
2567,Sean Foley
2568,Pierre Coré
2569,Liz Plonka
2570,Jeff Garlin
2571,Michael Barnett
2572,Jessica Yu
2573,K. Rajagopal
2574,Praveen Nischol
2575,Lucien Jean-Baptiste
2576,Jalil Lespert
2577,Sean Cisterna
2578,Sudhanshu Saria
2579,Dilip Mehta
2580,Isaki Lacuesta
2581,Isa Campo
2582,Evan Katz
2583,Gauri Shinde
2584,Oliver Schmitz
2585,Felix Herngren
2586,Måns Herngren
2587,Fernando Coimbra
2588,Adam Leon
2589,Andrea Molaioli
2590,Marie Madinier
2591,Miguel Ángel Lamata
2592,Steven Brill
2593,Antonio Serrano
2594,Grant S. Johnson
2595,Ippsie Jones
2596,Joe Swanberg
2597,Alexandre Reinecke
2598,Jamal Hill
2599,K. Ramanlal
2600,Maris Curran
2601,Avinash Arun
2602,A. Salaam
2603,Eduardo Casanova
2604,Daniel Burman
2605,Kike Maíllo
2606,Gordon Anderson
2607,Charlie McDowell
2608,Meghan O'Hara
2609,Tommy O'Haver
2610,Lonny Price
2611,Sydney Freeland
2612,Jung-woo Park
2613,James Ivory
2614,Santosh Sivan
2615,Erik Canuel
2616,Peter Middleton
2617,James Spinney
2618,Shashilal K. Nair
2619,Marcel Barrena
2620,Gerard McMurray
2621,Selvamani Selvaraj
2622,Mike Birbiglia
2623,Lô Politi
2624,Tomas Portella
2625,Macon Blair
2626,Juan Pablo Buscarini
2627,Thomas Stuber
2628,Raúl Arévalo
2629,Matías Bize
2630,Michael Paul Stephenson
2631,Colin Dench
2632,Ricky Gervais
2633,Akiva Schaffer
2634,Malik Vitthal
2635,Joaquín Mazón
2636,Jonás Trueba
2637,Peter DeLuise
2638,Alejandra Márquez Abella
2639,Sébastien Betbeder
2640,Adam Randall
2641,Marco Dutra
2642,Mario Rouleau
2643,Aniruddha Roy Chowdhury
2644,Chester Tam
2645,Hannes Stöhr
2646,Andreas Prochaska
2647,Maximilian Erlenwein
2648,Burhan Qurbani
2649,Alistair Legrand
2650,Mir-Jean Bou Chaaya
2651,Jeannie Gaffigan
2652,Babak Anvari
2653,Emily Hagins
2654,Greg Richardson
2655,Uwe Boll
2656,Mitch Schauer
2657,Rohit Mittal
2658,Steve Hickner
2659,Diego Luna
2660,Jorge Michel Grau
2661,Riki Lindhome
2662,Jeremy Konner
2663,Vikram Gandhi
2664,Sean Hanish
2665,Sinan Akkuş
2666,Matt Bell
2667,James Hawes
2668,Elite Zexer
2669,James Yukich
2670,Nic Mathieu
2671,Chris Kelly
2672,Roman Gackowski
2673,Benjamin Dickinson
2674,Sacha Wolff
2675,Adam Nimoy
2676,Elizabeth Wood
2677,Shrihari Sathe
2678,Ralph Macchio
2679,Ricardo Maldonado
2680,Vetrimaaran
2681,Linas Phillips
2682,Jeff Margolis
2683,Bauddhayan Mukherji
2684,María Jose Cuevas
2685,Chris Sparling
2686,Raúl Campos Delgado
2687,Michelle Caputo
2688,Volker Weicker
2689,Manjeet Singh
2690,Lorene Machado
2691,Richard Mears
2692,Heidi Ewing
2693,Rachel Grady
2694,Emilio Martínez Lázaro
2695,Osgood Perkins
2696,Werner Herzog
2697,Julien Rambaldi
2698,Yvan Attal
2699,Benjamin Weill
2700,Roger Gual
2701,Anthony Giordano
2702,Thomas Sorriaux
2703,Clovis Cornillac
2704,Christopher Guest
2705,Jonathan Demme
2706,Dave Higby
2707,Richie Smyth
2708,Riccardo Pilizzeri
2709,Guilherme Fontes
2710,Aamir Bashir
2711,David Schalko
2712,Pieter Kuijpers
2713,Prashant Nair
2714,Paul Taublieb
2715,Jon Freeman
2716,Riccardo Milani
2717,Tony Elliott
2718,Dan Forrer
2719,Christopher Louie
2720,Justin Krook
2721,Michael Drumm
2722,Alex Coletti
2723,Christopher Martin
2724,Tom Whitter
2725,Sian Heder
2726,Karl Mueller
2727,Allan Ungar
2728,Hemant Gaba
2729,Pratim D. Gupta
2730,Sudhish Kamath
2731,Nalan Kumarasamy
2732,Anu Menon
2733,Sandeep Mohan
2734,Rajshree Ojha
2735,Raja Sen
2736,Abhinav Shiv Tiwari
2737,Rob Burnett
2738,Felix Van Groeningen
2739,Felix van Groeningen
2740,Rodolphe Guenoden
2741,Jason Krawczyk
2742,Sophie Robinson
2743,Lotje Sodderland
2744,John Lee
2745,Yuen Wo-Ping
2746,Alik Sakharov
2747,L. Frazier
2748,Frank Coraci
2749,Kristin Hanggi
2750,J. Davis
2751,Jennifer Lee
2752,Patrick Osborne
2753,Lauren MacMullan
2754,John Kahrs
2755,Nathan Greno
2756,Byron Howard
2757,Stevie Wermers
2758,Dean Wellins
2759,Kevin Deters
2760,Roger Allers
2761,Mike Gabriel
2762,Mark Henn
2763,Andrew Bujalski
2764,Adam Dubin
2765,Cary Joji Fukunaga
2766,Aaron Hann
2767,Mario Miscione
2768,Kip Andersen
2769,Keegan Kuhn
2770,Kristina Goolsby
2771,Ashley York
2772,Phil Joanou
2773,Anthony Pierce
2774,Jennifer Phang
2775,Luis Estrada
2776,Mike Fleiss
2777,Aziz Ansari
2778,David Sampliner
2779,Wyatt Cenac
2780,Robert Nixon
2781,Fisher Stevens
2782,Chapman Way
2783,Maclain Way
2784,Greg Whiteley
2785,Jehane Noujaim
2786,Jason Moore
2787,Josh Greenbaum
2788,Will Lovelace
2789,Dylan Southern
2790,Constance Marks
2791,Larry Elikann
2792,Robert Markowitz
2793,Eric Laneuville
2794,Joel Oliansky
2795,Roy Campanella II
2796,Arthur Allan Seidelman
2797,John Herzfeld
2798,Buzz Kulik
2799,Richard Michaels
2800,Linda Otto
2801,Roger Young
2802,Rob LaDuca
2803,Robert C. Ramirez
2804,Icíar Bollaín
2805,Joe Dante
2806,Ole Bornedal
2807,Sorin Dan Mihalcescu
2808,Shane Acker
2809,Kevin Reynolds
2810,Shravan Kumar
2811,Vijay Milton
2812,Santwana Bardoloi
2813,Atanu Ghosh
2814,Michael Kennedy
2815,Óskar Thór Axelsson
2816,Karyn Kusama
2817,Adam Deyoe
2818,Leif Tilden
2819,Sam Upton
2820,Victor Zarcoff
2821,Daniel Stamm
2822,Daniel Lee
2823,Scott Hussion
2824,Seth Fuller
2825,Richard Donner
2826,Burr Steers
2827,David Marmor
2828,Raymond Wood
2829,Hasraf Dulull
2830,Mike Mills
2831,Jon Lucas
2832,Scott Moore
2833,Joey Curtis
2834,Brian Smrz
2835,Nicanor Loreti
2836,Simon Napier-Bell
2837,Betty Thomas
2838,Gaby Dellal
2839,Iman Brotoseno
2840,Hani Hamdi
2841,Ruben Fleischer
2842,Maciej Dejczer
2843,Jack C. Newell
2844,Andrew Nackman
2845,Victor Levin
2846,Peter Segal
2847,Jonathan Levine
2848,Toa Fraser
2849,Bharat Jain
2850,Trent Haaga
2851,Nizar Shafi
2852,Meenu Gaur
2853,Farjad Nabi
2854,Padmakumar Narasimhamurthy
2855,Richard Attenborough
2856,Stanley Kubrick
2857,Stephen Gyllenhaal
2858,Tom Fassaert
2859,Mark Williams
2860,Roman Coppola
2861,Teo Konuralp
2862,Jim Fall
2863,Andy Goddard
2864,Michael Lennox
2865,Kees Van Oostrum
2866,Henry Sarwer-Foner
2867,Ishaan Trivedi
2868,Asghar Farhadi
2869,Maria Burton
2870,Natalie Portman
2871,Martin Lawrence
2872,Adam Shankman
2873,Rusty Nixon
2874,Oliver Daly
2875,Midhun Manuel Thomas
2876,Chandrakant Kulkarni
2877,Uttung Shelar
2878,Seung-uk Jo
2879,Chad Van De Keere
2880,Daniela Goggi
2881,Alfonso Serrano Maturino
2882,Julien Christian Lutz
2883,Julie Taymor
2884,Mike McCoy
2885,Scott Waugh
2886,Brett Donowho
2887,Thierry Donard
2888,Anne Fontaine
2889,Sandeep Chatterjee
2890,Kyle Rideout
2891,Nicolás López
2892,Terry Loane
2893,Alison Klayman
2894,Biswajeet Bora
2895,Castille Landon
2896,Gervasio Iglesias
2897,J. Michael Long
2898,Eva Vives
2899,Don Bluth
2900,Gary Goldman
2901,Dan Kuenster
2902,Víctor García
2903,Charlie Vaughn
2904,Chris Blake
2905,Matthew Hope
2906,Vincent Perez
2907,Lee Tamahori
2908,Richard Rich
2909,Trey Haley
2910,Atul Malhotra
2911,Manmohan Desai
2912,Khaled Youssef
2913,Charlie Siskel
2914,Sam Mendes
2915,Barak Goodman
2916,Mark Zwonitzer
2917,Wilson Coneybeare
2918,Sarik Andreasyan
2919,Tony Kaye
2920,Andrea Arnold
2921,Nick Davis
2922,Mary Harron
2923,Jerry G. Angelo
2924,Asif Kapadia
2925,Phil Nibbelink
2926,Simon Wells
2927,Larry Latham
2928,Perry Lang
2929,Ismail Farouk
2930,Avinash Das
2931,Carlos Marques-Marcet
2932,Tim Blake Nelson
2933,Luis Mandoki
2934,Pan Nalin
2935,Sohail Tatari
2936,Paul Serafini
2937,Juan Zapata
2938,Sherif Ismail
2939,Ken Barbet
2940,Manish Jha
2941,J.F. Musial
2942,Josh Vietze
2943,Christian Desmares
2944,Franck Ekinci
2945,Christopher Chambers
2946,Khaled El Halafawy
2947,Nia Dinata
2948,Jason Winer
2949,Sarah Smith
2950,James L. Brooks
2951,John Murlowski
2952,Sung-soo Kim
2953,Mike Nicoll
2954,Jason Stone
2955,Mez Tharatorn
2956,David Morris
2957,Jacqui Morris
2958,Fabrizio Copano
2959,Augusto Matte
2960,Mike Rossiter
2961,Gabe Ibáñez
2962,Anthony Russo
2963,Joe Russo
2964,Levan Tsikurishvili
2965,Ajay Bahl
2966,Çagan Irmak
2967,Alejandro G. Iñárritu
2968,José Eduardo Belmonte
2969,Adam MacDonald
2970,Dave Patten
2971,Michael Petroni
2972,David Chirchirillo
2973,Salima Koroma
2974,Sumitra Bhave
2975,Sunil Sukthankar
2976,Justin Lee
2977,Phil Weinstein
2978,Haissam Hussain
2979,Zoe Lister-Jones
2980,Aaron Nee
2981,Adam Nee
2982,Tanit Jitnukul
2983,Manop Janjarasskul
2984,Adisorn Tresirikasem
2985,Jordi Llompart
2986,Raja Menon
2987,Adam Wood
2988,Zeke Norton
2989,Andrew Tan
2990,Michael Goguen
2991,William Lau
2992,Ezekiel Norton
2993,Kyle Newman
2994,Esteban Vidal
2995,Dava Whisenant
2996,Hrishikesh Mukherjee
2997,Sagar Sarhadi
2998,Lilibet Foster
2999,Joshua Caldwell
3000,Mel Smith
3001,Mike Judge
3002,Bruce W. Smith
3003,Agasyah Karim
3004,Khalid Kashogi
3005,Julian Jarrold
3006,Katherine Fairfax Wright
3007,Rajeev Chaudhari
3008,Anthony Wonke
3009,April Mullen
3010,Adam Marino
3011,Joe Camp
3012,Ted Braun
3013,Dharmesh Darshan
3014,Sushrut Jain
3015,Majid Majidi
3016,Jasbir Bijendra Bhati
3017,Joey Kern
3018,Scott Martin
3019,Kaspar Astrup Schröder
3020,Nick Broomfield
3021,Stephen Daldry
3022,Vonda Harrell
3023,Daniel Camenisch
3024,Indrasis Acharya
3025,Gajendra Ahire
3026,Viju Mane
3027,Girish Mohite
3028,Ravi Jadhav
3029,Emanuel Hoss-Desmarais
3030,Marianna Palka
3031,Ham Tran
3032,Miguel Conde
3033,Supavitra Babul
3034,Mark Harris
3035,Jesse Gustafson
3036,Martin Hodara
3037,Daniel Alfredson
3038,Ethan Hawke
3039,Ben Younger
3040,Deane Taylor
3041,July Hygreck
3042,Jean-François Richet
3043,Ted Demme
3044,Abdellatif Kechiche
3045,Woody Allen
3046,Lev L. Spiro
3047,Derek Cianfrance
3048,Jeremy Kenyon Lockyer Corbell
3049,Jay Surridge
3050,Elvira Lind
3051,Raj Kapoor
3052,Gabriel Clarke
3053,Torquil Jones
3054,Geoffrey Orthwein
3055,Andrew Sullivan
3056,Chris Williams
3057,Alexandra Dean
3058,Jelle de Jonge
3059,Arthur Penn
3060,Kaizad Gustad
3061,Gary Cohen
3062,Ross Hockrow
3063,Gayane Petrosyan
3064,Richard Sears
3065,Alê Abreu
3066,Chris Stokes
3067,Michael Doneger
3068,Cecilia Peck
3069,Jody Lambert
3070,Simon Baker
3071,Rian Johnson
3072,Robert Adetuyi
3073,Lu Yang
3074,Vivieno Caldinelli
3075,Mike Wiluan
3076,David McCracken
3077,Steve Antin
3078,Lee Chang-dong
3079,Cary Murnion
3080,Jonathan Milott
3081,Daniel Mann
3082,Daniele Thompson
3083,Travis Zariwny
3084,Néstor Sánchez Sotelo
3085,Asim Abbasi
3086,Carlos Bolado
3087,Scott Marshall Smith
3088,Lisa Arnold
3089,Peter Sattler
3090,Harry Elfont
3091,Deborah Kaplan
3092,Bernard Rose
3093,Noushad
3094,Mark O'Connor
3095,Chito S. Roño
3096,Todd Haynes
3097,Brian De Palma
3098,Matt Piedmont
3099,Wong Jing
3100,Richard Brooks
3101,Henrik Martin Dahlsbakken
3102,Shivendra Singh Dungarpur
3103,Nicholas Hytner
3104,Harry Baweja
3105,Aatmaram Dharne
3106,Umer Adil
3107,Arne Birkenstock
3108,Dianne Dreyer
3109,Garin Nugroho
3110,John Curran
3111,Charles A. Nichols
3112,Iwao Takamoto
3113,Jason Kwan
3114,John Scheinfeld
3115,Gurvinder Singh
3116,Binayak Das
3117,Anuranjan Premji
3118,Mark Dindal
3119,Tom Holland
3120,Tan Bing
3121,Bedabrata Pain
3122,Ken Hughes
3123,Atom Egoyan
3124,Andrew Sandler
3125,Corbin Bernsen
3126,Marita Grabiak
3127,Gary Wheeler
3128,Marc Forster
3129,Mohsin Ali
3130,Katia Lund
3131,Pete Travis
3132,Nick Mead
3133,Louis Leterrier
3134,Gregory Hoblit
3135,Eric Stoltz
3136,Jack Starrett
3137,Chris Perkel
3138,John Crowley
3139,Lilly Wachowski
3140,Lana Wachowski
3141,Tom Tykwer
3142,Matt Reeves
3143,Thomas Carter
3144,Vishal Mishra
3145,Saurav Palodhi
3146,Florian Gallenberger
3147,Zack Whedon
3148,Craig Goodwill
3149,Van M. Pham
3150,Gavin Fitzgerald
3151,Stuart Rosenberg
3152,Henry Selick
3153,Jason Bourque
3154,Micah Bickham
3155,Galley Molina
3156,Kranti Kanade
3157,Ang Lee
3158,Don Mancini
3159,Zachary Heinzerling
3160,Chandrakant Kanse
3161,Gary David Goldberg
3162,Steve Carr
3163,Amara Cash
3164,Pablo Parés
3165,Johnson Esthappan
3166,Raj Amit Kumar
3167,Jean-Marc Vallée
3168,Philipp Eichholtz
3169,Brendan Toller
3170,Agnidev Chatterjee
3171,Alexandros Avranas
3172,Gilles Paquet-Brenner
3173,Prawal Raman
3174,Parveen Kumar
3175,Julie Dash
3176,Amman Abbasi
3177,Dylan Haegens
3178,Bas van Teylingen
3179,Jake Paltrow
3180,Tom Edmunds
3181,Tanveer Khan
3182,Danny J. Boyle
3183,Tanuj Bhramar
3184,Jason Priestley
3185,Neil LaBute
3186,Harrison Smith
3187,Clay Porter
3188,Ken Burns
3189,Artemis Joukowsky
3190,Dennis Iliadis
3191,Christian Gudegast
3192,Sam Patton
3193,Mohamed Samy
3194,Christopher Smith
3195,Michael Feifer
3196,Saara Cantell
3197,Clay Staub
3198,Hark Tsui
3199,Ben Ryder
3200,Benoît Jacquot
3201,Chia-Liang Liu
3202,Todd Standing
3203,Benjamin Arfmann
3204,David Lean
3205,Paul Schrader
3206,Philip Marlatt
3207,Charles Martin Smith
3208,Mahin Ibrahim
3209,Austin Kolodney
3210,Will Lowell
3211,David Beier
3212,Dave Dorsey
3213,Xu Zhang
3214,Alana Waksman
3215,Jon YonKondy
3216,Drue Metz
3217,Brandon Somerhalder
3218,Jared Hess
3219,Troy Nixey
3220,Caradog W. James
3221,Daniel Gordon
3222,John Patrick Shanley
3223,Bo Welch
3224,Scott Mosier
3225,Yarrow Cheney
3226,Rob Cohen
3227,Colin Teague
3228,Doug Lefler
3229,Patrik Syversen
3230,Greg MacGillivray
3231,Reiner Holzemer
3232,Afia Nathaniel
3233,Eeshwar Nivas
3234,Emma Hatherley
3235,Dave Green
3236,Anthony Lucero
3237,Will Gluck
3238,Bruce Gowers
3239,Ajithkumar
3240,Harjit Singh
3241,Philipp Stölzl
3242,Bassam Kurdali
3243,Sebastian Gutierrez
3244,Fabien Beziat
3245,Hugues Nancy
3246,Jon Spira
3247,Michael Thelin
3248,Riri Riza
3249,Neil Triffett
3250,Greg Coolidge
3251,Ajay Phansekar
3252,Denis Villeneuve
3253,Jenny Carchman
3254,Jason James
3255,Robert Clouse
3256,Kurt Wimmer
3257,Wojciech Marczewski
3258,Marcelo González
3259,Valeria Golino
3260,Robi Michael
3261,Alex Garland
3262,Stuart Baird
3263,Michael Whitton
3264,Joseph Mbah
3265,Benny Fine
3266,Matt Toronto
3267,Sedat Kirtan
3268,Kubilay Sarikaya
3269,Keith L. Smith
3270,Nagraj Manjule
3271,Shadi Ali
3272,Ian Barber
3273,Norman Jewison
3274,Biyi Bandele
3275,Luke Jurevicius
3276,Ari Levinson
3277,Tony Zierra
3278,James Wong
3279,David R. Ellis
3280,Gianfranco Rosi
3281,Sabal Singh Shekawat
3282,Arthur Muhammad
3283,Nirpal Bhogal
3284,Andrew Renzi
3285,Cheh Chang
3286,Marc Abraham
3287,Gregory Caruso
3288,Kang Cheng
3289,Shan Hua
3290,Asri Bendacha
3291,Dean Wright
3292,Mark Murphy
3293,Richard Miron
3294,Jon Carey
3295,Adam Darke
3296,Fred M. Wilcox
3297,Seth Gordon
3298,Trudie Styler
3299,Marc Levin
3300,Wade Allain-Marcus
3301,Jesse Allain-Marcus
3302,Jude Okwudiafor Johnson
3303,Marcus Nispel
3304,Simon Verhoeven
3305,Mahmoud Karim
3306,Heber Cannon
3307,Le Van Kiet
3308,Adam Del Giudice
3309,Hoyt Yeatman
3310,Fellipe Barbosa
3311,Pavel Parkhomenko
3312,Lucky Kuswandi
3313,Ifa Isfansyah
3314,Rudy Soedjarwo
3315,Hiroshi Katagiri
3316,Manbhavan Singh
3317,P.K. Baaburaaj
3318,David Grossman
3319,Guy Vasilovich
3320,Nicholas Stoller
3321,David Silberg
3322,Rich Ragsdale
3323,Kazuchika Kise
3324,Partho Ghosh
3325,Vincente Minnelli
3326,Charles Walters
3327,Sally Potter
3328,Harold Cronk
3329,Jedd Wider
3330,Todd Wider
3331,Gordon Chan
3332,Michael Mason
3333,Francis Lee
3334,Sam de Jong
3335,Ivan Sen
3336,Mark Landre Gould
3337,Neslihan Yesilyurt
3338,Chris McCoy
3339,Wendy Jo Carlton
3340,Tarek Abdel Moaty
3341,Henrik Ruben Genz
3342,Justin Chon
3343,Robert Altman
3344,Mathieu Kassovitz
3345,Ananth Narayan Mahadevan
3346,Tanuj Chopra
3347,James Woodroffe
3348,Ali Taner Baltacı
3349,Mamoru Oshii
3350,Hideki Futamura
3351,Toshiyuki Kanno
3352,Tomoki Kyoda
3353,Koichi Mashimo
3354,Yasushi Muraki
3355,Daisuke Nishio
3356,Frank O'Connor
3357,Koji Sawai
3358,Joseph Chou
3359,Hiroshi Yamazaki
3360,Ian Kirby
3361,Satish Kaushik
3362,John Irvin
3363,Akram Farouk
3364,Johnny Martin
3365,Tim Van Someren
3366,Joe Dietsch
3367,Louie Gibson
3368,Luis Javier M. Henaine
3369,Robert Osman
3370,Nathanael Wiseman
3371,Ilya Naishuller
3372,Jon Hurwitz
3373,Hayden Schlossberg
3374,Danny Leiner
3375,Daniel Raim
3376,Ron Davis
3377,Justin Bare
3378,Matthew Miele
3379,Brant Sersen
3380,Eddie Martin
3381,Andrew C. Erin
3382,Davis Guggenheim
3383,Quinn Lasher
3384,Elle Callahan
3385,Ana Kokkinos
3386,Kelly Noonan
3387,David Mirkin
3388,Huang Jianming
3389,Tom Gianas
3390,Ross R. Shuman
3391,Christel Gibson
3392,Rod Blackhurst
3393,Timothy Woodward Jr.
3394,Shawn Arranha
3395,Liu Jie
3396,Lucy van Beek
3397,Jennifer Lynch
3398,Vishnu Govindhan
3399,Asim Raza
3400,Neil Armfield
3401,Anthony Scott Burns
3402,Nicholas McCarthy
3403,Adam Egypt Mortimer
3404,Gary Shore
3405,Kevin Kolsch
3406,Dennis Widmyer
3407,Note Chern-Yim
3408,Rakshith Thirthahalli
3409,Bille Woodruff
3410,Mike Disa
3411,Sudip Bandyopadhyay
3412,Brodje Wemboendja
3413,Ayush Raina
3414,Scott Cooper
3415,Michael Polish
3416,Max McGill
3417,Janusz Majewski
3418,Genndy Tartakovsky
3419,Mark Tonderai
3420,Sandy Chronopoulos
3421,Ziga Virc
3422,Tom O'Dell
3423,Ken Marino
3424,Lionel C. Martin
3425,Jocelyn Moorhouse
3426,Amar Gupte
3427,Frank Paur
3428,Raj Kanwar
3429,Drew Casson
3430,Jonathan Mostow
3431,Matt Kugelman
3432,Gabriel Grieco
3433,Benjamin Turner
3434,Gabe Turner
3435,Mary Mazzio
3436,Laura VanZee Taylor
3437,Feng Xiaogang
3438,Chuck Russell
3439,Douglas McGrath
3440,Ken Loach
3441,Steve Race
3442,Brett Harvey
3443,Law Wing-cheong
3444,Sachin
3445,Tony Leondis
3446,Karey Kirkpatrick
3447,Walerian Borowczyk
3448,Taron Lexton
3449,Aytaç Ağırlar
3450,Eric Zaragosa
3451,Suman Mukhopadhyay
3452,Jonathan Baker
3453,Brad Bird
3454,Sanjeev Gupta
3455,John Stewart Muller
3456,Iain Softley
3457,K. Subhash
3458,Eugenio Derbez
3459,Michael Gallagher
3460,Patricia Rozema
3461,John Trengove
3462,Kedar Shinde
3463,Jacob Schwab
3464,Leo Riley
3465,V. K. Prakash
3466,Manish Tiwary
3467,Zatella Beatty
3468,Mathias Malzieu
3469,Stéphane Berla
3470,Stuart Orme
3471,Dustin Nguyen
3472,Azfar Jafri
3473,Gerry Hoban
3474,C. Fitz
3475,Joe Boyd
3476,David Gelb
3477,Andrew Stanton
3478,Ahishor Solomon
3479,Bill Oliver
3480,Toby Haynes
3481,Amardeep Singh Gill
3482,Nora Ephron
3483,Salim Akil
3484,Phil Morrison
3485,Kathryn Bigelow
3486,Sanjay Gupta
3487,Kranti Redkar
3488,Tinnu Anand
3489,Jijo Pancode
3490,Pa. Ranjith
3491,Buta Singh
3492,Gaëtan Brizzi
3493,Paul Brizzi
3494,Joan C. Gratz
3495,Mohammed Saeed Harib
3496,Tomm Moore
3497,Nina Paley
3498,Bill Plympton
3499,Joann Sfar
3500,Michael Socha
3501,Pooja Bhatt
3502,Rupert Jones
3503,Dhilip Kumar
3504,Sai Paranjape
3505,Alphonso J. Wesson
3506,Vineeth Anil
3507,Tim Story
3508,Lori Kaye
3509,Subhash Ghai
3510,Surya S.J.
3511,Sunil Kumar Agrawal
3512,Sudipto Roy
3513,John Stockwell
3514,Steven Gomez
3515,Frédéric Tonolli
3516,Paul Tanter
3517,Attila Till
3518,Paul Katis
3519,Felix Thompson
3520,Jeffrey W. Byrd
3521,Deniz Gamze Ergüven
3522,Woo Ming Jin
3523,Frank Capra
3524,Joris Ivens
3525,Alex Proyas
3526,Jonathan Taylor
3527,Joachim Rønning
3528,Espen Sandberg
3529,Gulzar
3530,Hans Petter Moland
3531,Tilak Shetty
3532,Oliver Blackburn
3533,William H. Macy
3534,Remy Kohli
3535,Stephen Chow
3536,Andrés Couturier
3537,Stanley Tong
3538,Yusuf Pirhasan
3539,Devin Chanda
3540,Samir Karnik
3541,Leandro Mark
3542,Nicolás Silbert
3543,Giulio Base
3544,Alejandro Lozano
3545,Syed Ahmad Afzal
3546,Sopon Sukdapisit
3547,Chris Nahon
3548,R. Ellis Frazier
3549,Jaki Bradley
3550,Kazuaki Kiriya
3551,Massy Tadjedin
3552,Damien Piscarel
3553,Anand Tucker
3554,Roy Allen Smith
3555,Ron Myrick
3556,B.N. Shajeer Sha
3557,Vic Armstrong
3558,Yang Lei
3559,Stephen Murray
3560,Mario Cambi
3561,John Huston
3562,Onur Ünlü
3563,Jenna Laurenzo
3564,Justin McConnell
3565,Kevin Peeples
3566,Alfonso Arau
3567,Karim El Sobky
3568,Hua Shan
3569,Tim Bartley
3570,Robyn Butler
3571,Ira Sachs
3572,Zach Clark
3573,Nick Gomez
3574,Guy Ritchie
3575,Steven Knight
3576,James Mather
3577,Steve Saint Leger
3578,Fernando Sariñana
3579,José Luis Gutiérrez
3580,Michael Anderson
3581,Jakob Verbruggen
3582,Jennifer Baichwal
3583,Nicholas de Pencier
3584,Sze Yu Lau
3585,David Wnendt
3586,Charneice Fox
3587,Saandeep Patel
3588,Steven Fine
3589,Ahmad Samir Farag
3590,Sridhar Jetty
3591,Christian Ditter
3592,Katherine Brooks
3593,Ana Quiroga
3594,Radhika Rao
3595,Vinay Sapru
3596,Prabhuraj
3597,Ticoy Rodriguez
3598,Jayan Vannery
3599,Dylan C. Brown
3600,Debaloy Dey
3601,George Miller
3602,Callie Khouri
3603,Jim Monaco
3604,Chun Wong
3605,Ben Patterson
3606,Aaron Burns
3607,Luc Vinciguerra
3608,Benjamin Ree
3609,Amaan Khan
3610,Li Pei-Chuan
3611,Sameer Vidwans
3612,Michael Winnick
3613,Keanu Reeves
3614,Ben Palmer
3615,Tathagata Banerjee
3616,John Upchurch
3617,Tom O'Brien
3618,Michael Roberts
3619,Rahat Kazmi
3620,Clive Tonge
3621,Pulkit
3622,Everardo Gout
3623,David Raynr
3624,David Batty
3625,Eric Radomski
3626,Shekhar Kapur
3627,Ui-seok Jo
3628,Pablo D'Alo Abba
3629,Sudesh Manjrekar
3630,Atul Kale
3631,Daniel Noah
3632,Philip Yung
3633,Hassan Hegazy
3634,Shady Ali
3635,Bob Hercules
3636,Rita Coburn Whack
3637,Jesús Magaña Vázquez
3638,Nathan Morlando
3639,Mina Shum
3640,Jacek Koprowicz
3641,Binu Ulahhannan
3642,Bob Odenkirk
3643,Shin-yeon Won
3644,Barry Sonnenfeld
3645,John Barnard
3646,Santosh Manjrekar
3647,Bharat Nalluri
3648,Gus Van Sant
3649,Anil Thomas
3650,Gavin O'Connor
3651,Keiichi Hara
3652,Liv Ullmann
3653,Kenny Young
3654,Barbara Kopple
3655,Julia Hart
3656,David Blair
3657,Osman Ali
3658,Anna Boden
3659,Ryan Fleck
3660,Munish Bhardwaj
3661,Ted Geoghegan
3662,William Monahan
3663,Martin Rosete
3664,Brett Ratner
3665,Ahmed El Gendy
3666,Holger Tappe
3667,Steve Sacks
3668,Sylvain Blais
3669,Dustin McKenzie
3670,Victor Dal Chele
3671,Alfred Gimeno
3672,Mike Fetterly
3673,Audu Paden
3674,Barry Jenkins
3675,Antoine Bardou-Jacquet
3676,Jami
3677,Chad Hartigan
3678,Avadhoot Gupte
3679,Suhas Kadav
3680,Will Graham
3681,James Duffy
3682,Jonathan van Tulleken
3683,Elizabeth Banks
3684,Patrik Forsberg
3685,James Gunn
3686,Tomer Heymann
3687,Anthony Chan
3688,Craig Gillespie
3689,Alexandre Heboyan
3690,Benoît Philippon
3691,James Bobin
3692,Lewis Milestone
3693,Carol Reed
3694,Bruce McDonald
3695,Waymon Boone
3696,Dash Shaw
3697,Nathaniel Warsh
3698,Claude Barras
3699,Jayson Thiessen
3700,Siu-hung Chung
3701,John Dower
3702,Nick Cassavetes
3703,Atsajun Sattakovit
3704,Simon Curtis
3705,Sabu Varghese
3706,Dennis Bartok
3707,Heidi Saman
3708,Natalia Valdebenito
3709,Jon Turteltaub
3710,Roman Atwood
3711,Ben Pluimer
3712,Chad L. Scheifele
3713,Josh Webber
3714,Arun Vaidyanathan
3715,Jordana Spiro
3716,Kelly Reichardt
3717,Scott Hicks
3718,Anthony Bell
3719,Tim Maltby
3720,Richard Finn
3721,Rushmore DeNooyer
3722,Martin Gorst
3723,Giulia Clark
3724,Sarah Holt
3725,Terri Randall
3726,Doug Hamilton
3727,Peter Fison
3728,Graham Townsley
3729,Oliver Twinch
3730,Llewellyn M. Smith
3731,Daniel McCabe
3732,Peter Yost
3733,Gail Willumsen
3734,Sacha Gervasi
3735,Lesli Linka Glatter
3736,Peter Pardini
3737,Sam Taylor-Johnson
3738,Lars von Trier
3739,Mat Whitecross
3740,Jacques Perrin
3741,Jacques Cluzaud
3742,Luke Sparke
3743,Nacho G. Velilla
3744,Shawn Crahan
3745,Poj Arnon
3746,Clarence Yiu-leung Fok
3747,Heitor Dhalia
3748,Pradip Kurbah
3749,Charlie Lightening
3750,Simon Rumley
3751,Banjong Pisanthanakun
3752,Morgan Spurlock
3753,Tim Rouhana
3754,Jasmine D'Souza
3755,Nicolas Winding Refn
3756,Bill Guttentag
3757,Michael Ware
3758,Jill Culton
3759,John H. Lee
3760,Logan Kibens
3761,Chia Tang
3762,Kiran Narayanan
3763,Ben C. Lucas
3764,Jayaraj Rajasekharan Nair
3765,Mark Franchetti
3766,Andrew Meier
3767,Adam Collins
3768,Luke Radford
3769,Paul Spurrier
3770,Chandran Narikode
3771,Piti Jaturaphat
3772,Amber Tamblyn
3773,Alex Law
3774,Bhagyaraj
3775,Rebecca Addelman
3776,Oren Peli
3777,Gafoor Y. Elliyaas
3778,Kevin Hooks
3779,Dileep Narayanan
3780,Paritosh Painter
3781,Paul Reubens
3782,Wayne Orr
3783,Mohd Khairul Azri Bin Md Noor
3784,Mark Palansky
3785,J.C. Falcón
3786,C.J. Wallis
3787,James Foley
3788,Tony Stone
3789,Jean-Loup Felicioli
3790,Alain Gagnol
3791,Paween Purikitpanya
3792,Songyos Sugmakanan
3793,Parkpoom Wongpoom
3794,Visute Poolvoralaks
3795,Abhishek Saxena
3796,Bruno Stagnaro
3797,Christophe Honoré
3798,Wim Wenders
3799,Gabe Klinger
3800,Steve McLean
3801,Charlie Haskell
3802,Koichi Sakamoto
3803,James Barr
3804,Ashish R. Shukla
3805,Chris Bell
3806,Josh Alexander
3807,Greg Young
3808,Stephen Cone
3809,Anurag Singh
3810,Luis Prieto
3811,Richard Correll
3812,Hari Viswanath
3813,Manish Gupta
3814,Ding Sheng
3815,Basu Chatterjee
3816,Phil Johnston
3817,Rich Moore
3818,Eric Khoo
3819,Sanjay Dayma
3820,Kim Sung-hoon
3821,Girish Joshi
3822,Amir Mohiuddin
3823,Husam El-Gohari
3824,Nicholas Ray
3825,Michael James Regan
3826,Craig Anderson
3827,John Milius
3828,Amitava Bhattacharya
3829,Marina Willer
3830,Andy Capper
3831,Shamyl Othman
3832,Allen Coulter
3833,René Pérez Joglar
3834,Linda Saffire
3835,Adam Schlesinger
3836,Vijay Jayapal
3837,Andrew Loo
3838,Jani Lachauer
3839,Jakob Schuh
3840,Fernando Frías De La Parra
3841,Jon Avnet
3842,Devaki Singh
3843,Luke Kenny
3844,Amit Rai
3845,Pierfrancesco Diliberto
3846,Nicholas Winter
3847,Sylvester Stallone
3848,Lenny Abrahamson
3849,Matthew Atkinson
3850,Max Lang
3851,Roman Polanski
3852,John Dahl
3853,Jay Chandrasekhar
3854,Atanu Mukherjee
3855,Jeeva
3856,David L. Cunningham
3857,Dharmendra Suresh Desai
3858,Raman Kumar
3859,Hakan Yonat
3860,Michael Seater
3861,Balu Mahendra
3862,Ehtesham Uddin
3863,Kireet Khurana
3864,Sanjay Soorkar
3865,Mohamed Hamdy
3866,Partha Chakraborty
3867,K. Gopinathan
3868,Bruce MacDonald
3869,Gabriel Sabloff
3870,Rajeev Patil
3871,Glenn Miller
3872,Venugopan
3873,Kamal Sahani
3874,V. Scott Balcerek
3875,Raj N. Sippy
3876,Damon Cardasis
3877,Jeffrey G. Hunt
3878,Kevan Peterson
3879,Dino Risi
3880,Keenen Ivory Wayans
3881,Hiroshi Aoyama
3882,Kazumi Fukushima
3883,Jim Stenstrum
3884,Edgar Wright
3885,Wes Craven
3886,Steven Zaillian
3887,Malik Bendjelloul
3888,Jay Chou
3889,Billy Ray
3890,Kasia Uscinska
3891,Susannah Ward
3892,Sam Taplin
3893,Vicky Matthews
3894,Gareth Sacala
3895,Louise Wardle
3896,Kenneth Müller
3897,Michael Patrick King
3898,Max Martini
3899,Krishna Vamshi
3900,Gurudev Bhalla
3901,Samar Khan
3902,Raymond McGrath
3903,Adele K. Thomas
3904,Richard Bailey
3905,Jitendra Tiwari
3906,Pranav Singh
3907,Destin Daniel Cretton
3908,Barney Clay
3909,Adarsh Eshwarappa
3910,Fabio Grassadonia
3911,Antonio Piazza
3912,Vivek Wagh
3913,M.J. Bassett
3914,Anil Sharma
3915,Robert Kouba
3916,Dorian Fernández-Moris
3917,Gregg Bishop
3918,Corey Grant
3919,Ekachai Uekrongtham
3920,Colin Strause
3921,Greg Strause
3922,Leslye Headland
3923,Joe Nussbaum
3924,Billy Bob Thornton
3925,John Maclean
3926,Alex Winter
3927,Fred Olen Ray
3928,Ian MacAllister-McDonald
3929,Nancy Meyers
3930,Julius Avery
3931,David Allensworth
3932,Monière
3933,Sam O'Steen
3934,Dan Harris
3935,Sam Raimi
3936,Peter Ramsey
3937,Rodney Rothman
3938,Bob Persichetti
3939,David Fairhead
3940,Anthony Palmer
3941,Tom McCarthy
3942,Harmony Korine
3943,Storm Saulter
3944,Christopher Ray
3945,Adam Alleca
3946,Ola Flyum
3947,David Hebditch
3948,Akiva Goldsman
3949,Arjun Gourisaria
3950,Moinak Biswas
3951,Chatchai Katenut
3952,Manussa Vorasingha
3953,Tanwarin Sukkhapisit
3954,Jon J. Whelan
3955,Raj B. Shetty
3956,James Sweeney
3957,Rowan Athale
3958,Baz Luhrmann
3959,Andrew Bergman
3960,Afonso Poyart
3961,J.M. Berrios
3962,Stefano Sollima
3963,Chayanop Boonprakob
3964,Zakariya
3965,Benny Fredman
3966,Saul Dibb
3967,Joseph Cross
3968,Kasper Barfoed
3969,Partho Sen-Gupta
3970,Sumit Das
3971,Kevin Phillips
3972,Greg Mottola
3973,Gordon Parks
3974,Bryan Singer
3975,Bruce McCulloch
3976,Matthew Cooke
3977,Anthony Caronna
3978,Alexander Smith
3979,Jamie M. Dagg
3980,Dan Kwan
3981,Daniel Scheinert
3982,Derek Yee
3983,Navneet Behal
3984,Julien Seri
3985,Kevin Lima
3986,Brian Smith
3987,Ryu Jung-woo
3988,John Carchietta
3989,Michael Pressman
3990,Natalia Garagiola
3991,Jevons Au
3992,Zune Kwok
3993,Chow Kwun-wai
3994,Ng Ka-Leung
3995,Wong Fei-Pang
3996,Yann Arthus-Bertrand
3997,Michael Pitiot
3998,Damien Leone
3999,Sukhbir Singh
4000,Dheeraj Berry
4001,Mitzi Vanessa Arreola
4002,Amir Galvan Cervera
4003,Pamela Romanowsky
4004,Geoff Anderson
4005,Esteban Sapir
4006,Jee-woon Kim
4007,Andrew Douglas
4008,Thurop Van Orman
4009,John Rice
4010,Jonathan Sobol
4011,Christian Duguay
4012,André Øvredal
4013,Kurt Voelker
4014,Elliot Hegarty
4015,Brian M. Conley
4016,Nathan Ives
4017,John Ford
4018,Tommy Avallone
4019,Rolfe Kanefsky
4020,Philippe Falardeau
4021,Albert Hughes
4022,Allen Hughes
4023,Olivier Loustau
4024,Richard Kelly
4025,William Brent Bell
4026,Mark Herman
4027,Neil Jordan
4028,Ken Kushner
4029,Nora Twomey
4030,Stacy Title
4031,Graham Phillips
4032,Parker Phillips
4033,Ofir Raul Graizer
4034,Elliot Silverstein
4035,Sean Menard
4036,Jon Gunn
4037,Tarek Al Eryan
4038,Craig Moss
4039,Magdy Al-Hawwary
4040,Antonio Chavarrías
4041,John Stephenson
4042,Michael Buster
4043,Bob Nelson
4044,Ari Folman
4045,Andrew Fleming
4046,Kirk De Micco
4047,Chris Sanders
4048,Marek Piwowski
4049,Jarrad Paul
4050,Andrew Mogel
4051,Satish Manwar
4052,Frank Oz
4053,Tariq Khan
4054,Peter Mortimer
4055,Josh Lowell
4056,Cecilia Atán
4057,Valeria Pivato
4058,Blair Hayes
4059,Bette Gordon
4060,Kieran Darcy-Smith
4061,Robert Berlinger
4062,Paul Andrew Williams
4063,James Ponsoldt
4064,David Leveaux
4065,Michael Samuels
4066,Jenée LaMarque
4067,Coerte Voorhees
4068,John Voorhees
4069,Rodrigo Van Der Put
4070,Hugh WIlson
4071,Meng Hua Ho
4072,Oliver Frampton
4073,Scott Walker
4074,Cody Stokes
4075,Doron Paz
4076,Yoav Paz
4077,Paul Shoulberg
4078,Kasra Farahani
4079,Michel Gondry
4080,Michael G. Kehoe
4081,Mickey Liddell
4082,Paco Arango
4083,Chad Archibald
4084,Mark Columbus
4085,Lauren Hoekstra
4086,Sarah Kruchowski
4087,Ryan Moody
4088,Simon Savelyev
4089,Vanita Shastry
4090,Shadae Lamar Smith
4091,Jeremy David White
4092,Rob W. King
4093,Isaac Ezban
4094,Philip Einstein Lipski
4095,Jørgen Lerdam
4096,Amalie Næsby Fick
4097,Femi Oyeniran
4098,Kalvadour Peterson
4099,Nicky Slimting Walker
4100,Matthew Robinson
4101,Phyllida Lloyd
4102,Robin Swicord
4103,Karen Moncrieff
4104,Alejandro Agresti
4105,Timothy Reckart
4106,Pieter-Jan De Pue
4107,Gillian Armstrong
4108,Mark Craig
4109,Rob Smat
4110,Blake Harris
4111,Chris Bouchard
4112,Brian O'Malley
4113,Robert Aldrich
4114,Fred Durst
4115,Marco Schnabel
4116,Stanisław Różewicz
4117,Johnny To
4118,Robert Tate
4119,John Mikulak
4120,Joshua Brown
4121,Christopher Loren Ewers
4122,Erik Ewers
4123,Park In-je
4124,Grant Heslov
4125,Mads Matthiesen
4126,John Banas
4127,Michael Radford
4128,Carly Stone
4129,Joe Johnston
4130,John Duigan
4131,Ben A. Williams
4132,Mimi Leder
4133,Alan J. Pakula
4134,Stephen Chbosky
4135,Joel Schumacher
4136,Peggy Holmes
4137,Bryan Buckley
4138,Peter Lord
4139,Jeff Newitt
4140,Keerthi
4141,Chan-sang Lim
4142,Brian A. Miller
4143,Martha Coolidge
4144,Ron Clements
4145,John Musker
4146,Na Hyeon
4147,John Papola
4148,Grant Korgan
4149,Brian Niles
4150,Francis Ford Coppola
4151,Kevin Derek
4152,Shaina Allen
4153,Alison MacLean
4154,Steve Barker
4155,Dejan Zečević
4156,Hadi El Bagoury
4157,Lone Scherfig
4158,N.D. Wilson
4159,Curtis Hanson
4160,Christian E. Christiansen
4161,Bruce Robinson
4162,Austin Stark
4163,Kristian Levring
4164,Giancarlo Esposito
4165,William Eubank
4166,Will Eubank
4167,Sunil Soraya
4168,Krzysztof Zanussi
4169,Kyle Patrick Alvarez
4170,Steven R. Monroe
4171,Stephan Rick
4172,Tobe Hooper
4173,Mohammed El-Tahawy
4174,Mohamed Mostafa
4175,Lena Khan
4176,Leanne Gater
4177,Robert Schwentke
4178,Brendan Malloy
4179,David Koepp
4180,Ben Brewer
4181,Alex Brewer
4182,David Briggs
4183,Kevin Donovan
4184,Jean-Pierre Dardenne
4185,Luc Dardenne
4186,Mark Neveldine
4187,Ossama Abu El Atta
4188,Russell Crowe
4189,Jay Russell
4190,Robert Eggers
4191,Kyle Rankin
4192,Emil Ben-Shimon
4193,Laurent Cantet
4194,Michael Apted
4195,Victoria Bromley
4196,George Mendeluk
4197,Peter Foott
4198,Peter Svatek
4199,Saheed Arafath
4200,Charlotte Zwerin
4201,Derek Hui
4202,Raam Reddy
4203,Bin Bunluerit
4204,Benjamin Ross
4205,Stephen Hopkins
4206,Jordan Ross
4207,William Wyler
4208,John Sturges
4209,Li Jun
4210,Steve Loter
4211,Sonny Marler
4212,Beeban Kidron
4213,Michael Cumming
4214,Roger Spottiswoode
4215,Buddhadev Dasgupta
4216,Sukum Maetawanitch
4217,Jeffrey Nachmanoff
4218,Wally Pfister
4219,Richard Bates Jr.
4220,Ron Underwood
4221,Brent Maddock
4222,S.S. Wilson
4223,Adam Smith
4224,Jitender Pawar
4225,Nicholas Zeig-Owens
4226,Tekin Girgin
4227,Henry Hathaway
4228,Preston A. Whitmore II
4229,Hugh Stewart
4230,Roy Boulting
4231,Anthony Veiller
4232,David Soren
4233,Hidetaka Inazuka
4234,Buz Wallick
4235,Gary Young
4236,Benedict Andrews
4237,Paul Feig
4238,Chris Burkard
4239,Jonathan Glazer
4240,Sanjay Patel
4241,Sherif Mandour
4242,Jason Reitman
4243,Pradeep Verma
4244,Mario Van Peebles
4245,Ashu Trikha
4246,Gurinder Chadha
4247,Brandon Dickerson
4248,David L.G. Hughes
4249,Harvey Lilley
4250,Gary Michael Schultz
4251,P.T. Kunju Muhammad
4252,Ganesh Kadam
4253,Kushal Srivastava
4254,Ed Lilly
4255,Bilal Lashari
4256,Param Gill
4257,Rob McKittrick
4258,Marc Francis
4259,Max Pugh
4260,Alex Smith
4261,Andrew J. Smith
4262,Philip G. Atwell
4263,Faraz Haider
4264,John Michael McDonagh
4265,Jack Zagha Kababie
4266,Max Joseph
4267,David Serrano
4268,Jeremiah Zagar
4269,Antoni Krauze
4270,Chi Fat Chan
4271,Ashish R. Mohan
4272,Stephen Donnelly
4273,Olly Reid
4274,Jun Falkenstein
4275,Abel Ferrara
4276,Trevor Ryan
4277,Huang Lei
4278,Josh Mendoza
4279,Marek Kanievska
4280,Paul Raschid
4281,Drew Stone
4282,Milla Harrison-Hansley
4283,Alicky Sussman
4284,Paul Dano
4285,Mel Stuart
4286,Debra Granik
4287,Zach Braff
4288,Theo Davies
4289,Adrian Murray
4290,Bart Freundlich
4291,David Guy Levy
4292,Yasir Nawaz
4293,Lawrence Kasdan
4294,Jovanka Vuckovic
4295,Annie Clark
4296,Roxanne Benjamin
4297,N. Chandra
4298,Abu Bakr Shawky
4299,Christian De Vita
4300,Saratswadee Wongsomphet
4301,Kirati Nakintanon
4302,Mark Risley
4303,James Brown
4304,Ivona Juka
4305,Mu Chu
4306,Mohamed Diab
4307,Chandra Prakash Dwivedi
4308,Majid Al Ansari
4309,Peter Hewitt
4310,Mozez Singh
